Date,Product_ID,Product_Name,Category,Units_Sold,Current_Stock
2025-01-01,P001,Laptop,Electronics,30,88
2025-01-02,P001,Laptop,Electronics,14,74
2025-01-03,P001,Laptop,Electronics,45,145
2025-01-04,P001,Laptop,Electronics,50,95
2025-01-05,P001,Laptop,Electronics,35,60
2025-01-06,P001,Laptop,Electronics,30,30
2025-01-07,P001,Laptop,Electronics,30,80
2025-01-08,P001,Laptop,Electronics,38,42
2025-01-09,P001,Laptop,Electronics,6,36
2025-01-10,P001,Laptop,Electronics,36,113
2025-01-11,P001,Laptop,Electronics,13,100
2025-01-12,P001,Laptop,Electronics,21,79
2025-01-13,P001,Laptop,Electronics,40,39
2025-01-14,P001,Laptop,Electronics,26,77
2025-01-15,P001,Laptop,Electronics,20,57
2025-01-16,P001,Laptop,Electronics,31,80
2025-01-17,P001,Laptop,Electronics,48,32
2025-01-18,P001,Laptop,Electronics,31,53
2025-01-19,P001,Laptop,Electronics,37,106
2025-01-20,P001,Laptop,Electronics,43,63
2025-01-21,P001,Laptop,Electronics,31,32
2025-01-22,P001,Laptop,Electronics,14,90
2025-01-23,P001,Laptop,Electronics,39,51
2025-01-24,P001,Laptop,Electronics,48,104
2025-01-25,P001,Laptop,Electronics,24,80
2025-01-26,P001,Laptop,Electronics,9,71
2025-01-27,P001,Laptop,Electronics,11,60
2025-01-28,P001,Laptop,Electronics,38,72
2025-01-29,P001,Laptop,Electronics,6,66
2025-01-30,P001,Laptop,Electronics,10,56
2025-01-31,P001,Laptop,Electronics,19,37
2025-02-01,P001,Laptop,Electronics,24,89
2025-02-02,P001,Laptop,Electronics,37,52
2025-02-03,P001,Laptop,Electronics,48,76
2025-02-04,P001,Laptop,Electronics,18,58
2025-02-05,P001,Laptop,Electronics,18,40
2025-02-06,P001,Laptop,Electronics,5,35
2025-02-07,P001,Laptop,Electronics,12,84
2025-02-08,P001,Laptop,Electronics,28,56
2025-02-09,P001,Laptop,Electronics,32,138
2025-02-10,P001,Laptop,Electronics,26,112
2025-02-11,P001,Laptop,Electronics,47,65
2025-02-12,P001,Laptop,Electronics,30,35
2025-02-13,P001,Laptop,Electronics,15,133
2025-02-14,P001,Laptop,Electronics,22,111
2025-02-15,P001,Laptop,Electronics,16,95
2025-02-16,P001,Laptop,Electronics,26,69
2025-02-17,P001,Laptop,Electronics,17,52
2025-02-18,P001,Laptop,Electronics,48,56
2025-02-19,P001,Laptop,Electronics,34,129
2025-02-20,P001,Laptop,Electronics,20,109
2025-02-21,P001,Laptop,Electronics,45,64
2025-02-22,P001,Laptop,Electronics,23,41
2025-02-23,P001,Laptop,Electronics,43,120
2025-02-24,P001,Laptop,Electronics,37,83
2025-02-25,P001,Laptop,Electronics,24,59
2025-02-26,P001,Laptop,Electronics,19,40
2025-02-27,P001,Laptop,Electronics,38,116
2025-02-28,P001,Laptop,Electronics,20,96
2025-03-01,P001,Laptop,Electronics,42,54
2025-03-02,P001,Laptop,Electronics,31,124
2025-03-03,P001,Laptop,Electronics,9,115
2025-03-04,P001,Laptop,Electronics,19,96
2025-03-05,P001,Laptop,Electronics,8,88
2025-03-06,P001,Laptop,Electronics,28,60
2025-03-07,P001,Laptop,Electronics,18,42
2025-03-08,P001,Laptop,Electronics,13,104
2025-03-09,P001,Laptop,Electronics,12,92
2025-03-10,P001,Laptop,Electronics,41,51
2025-03-11,P001,Laptop,Electronics,22,87
2025-03-12,P001,Laptop,Electronics,7,80
2025-03-13,P001,Laptop,Electronics,49,31
2025-03-14,P001,Laptop,Electronics,33,65
2025-03-15,P001,Laptop,Electronics,26,39
2025-03-16,P001,Laptop,Electronics,15,119
2025-03-17,P001,Laptop,Electronics,19,100
2025-03-18,P001,Laptop,Electronics,39,61
2025-03-19,P001,Laptop,Electronics,39,97
2025-03-20,P001,Laptop,Electronics,27,70
2025-03-21,P001,Laptop,Electronics,29,41
2025-03-22,P001,Laptop,Electronics,46,58
2025-03-23,P001,Laptop,Electronics,37,92
2025-03-24,P001,Laptop,Electronics,34,58
2025-03-25,P001,Laptop,Electronics,26,32
2025-03-26,P001,Laptop,Electronics,7,75
2025-03-27,P001,Laptop,Electronics,38,37
2025-03-28,P001,Laptop,Electronics,32,119
2025-03-29,P001,Laptop,Electronics,45,74
2025-03-30,P001,Laptop,Electronics,17,57
2025-03-31,P001,Laptop,Electronics,32,85
2025-04-01,P001,Laptop,Electronics,47,38
2025-04-02,P001,Laptop,Electronics,6,32
2025-04-03,P001,Laptop,Electronics,17,76
2025-04-04,P001,Laptop,Electronics,23,53
2025-04-05,P001,Laptop,Electronics,10,43
2025-04-06,P001,Laptop,Electronics,29,86
2025-04-07,P001,Laptop,Electronics,37,49
2025-04-08,P001,Laptop,Electronics,10,39
2025-04-09,P001,Laptop,Electronics,12,78
2025-04-10,P001,Laptop,Electronics,13,65
2025-04-11,P001,Laptop,Electronics,45,70
2025-04-12,P001,Laptop,Electronics,12,58
2025-04-13,P001,Laptop,Electronics,6,52
2025-04-14,P001,Laptop,Electronics,7,45
2025-04-15,P001,Laptop,Electronics,17,118
2025-04-16,P001,Laptop,Electronics,48,70
2025-04-17,P001,Laptop,Electronics,21,49
2025-04-18,P001,Laptop,Electronics,29,99
2025-04-19,P001,Laptop,Electronics,30,69
2025-04-20,P001,Laptop,Electronics,34,35
2025-04-21,P001,Laptop,Electronics,20,116
2025-04-22,P001,Laptop,Electronics,7,109
2025-04-23,P001,Laptop,Electronics,28,81
2025-04-24,P001,Laptop,Electronics,44,37
2025-04-25,P001,Laptop,Electronics,31,60
2025-04-26,P001,Laptop,Electronics,40,120
2025-04-27,P001,Laptop,Electronics,18,102
2025-04-28,P001,Laptop,Electronics,11,91
2025-04-29,P001,Laptop,Electronics,47,44
2025-04-30,P001,Laptop,Electronics,42,116
2025-05-01,P001,Laptop,Electronics,15,101
2025-05-02,P001,Laptop,Electronics,32,69
2025-05-03,P001,Laptop,Electronics,18,51
2025-05-04,P001,Laptop,Electronics,33,106
2025-05-05,P001,Laptop,Electronics,41,65
2025-05-06,P001,Laptop,Electronics,29,36
2025-05-07,P001,Laptop,Electronics,42,84
2025-05-08,P001,Laptop,Electronics,14,70
2025-05-09,P001,Laptop,Electronics,26,44
2025-05-10,P001,Laptop,Electronics,13,31
2025-05-11,P001,Laptop,Electronics,25,76
2025-05-12,P001,Laptop,Electronics,49,126
2025-05-13,P001,Laptop,Electronics,33,93
2025-05-14,P001,Laptop,Electronics,8,85
2025-05-15,P001,Laptop,Electronics,18,67
2025-05-16,P001,Laptop,Electronics,34,33
2025-05-17,P001,Laptop,Electronics,12,120
2025-05-18,P001,Laptop,Electronics,49,71
2025-05-19,P001,Laptop,Electronics,12,59
2025-05-20,P001,Laptop,Electronics,30,142
2025-05-21,P001,Laptop,Electronics,34,108
2025-05-22,P001,Laptop,Electronics,36,72
2025-05-23,P001,Laptop,Electronics,40,32
2025-05-24,P001,Laptop,Electronics,48,118
2025-05-25,P001,Laptop,Electronics,16,102
2025-05-26,P001,Laptop,Electronics,40,62
2025-05-27,P001,Laptop,Electronics,36,138
2025-05-28,P001,Laptop,Electronics,44,94
2025-05-29,P001,Laptop,Electronics,5,89
2025-05-30,P001,Laptop,Electronics,34,55
2025-05-31,P001,Laptop,Electronics,25,30
2025-06-01,P001,Laptop,Electronics,16,69
2025-06-02,P001,Laptop,Electronics,48,84
2025-06-03,P001,Laptop,Electronics,15,69
2025-06-04,P001,Laptop,Electronics,15,54
2025-06-05,P001,Laptop,Electronics,13,41
2025-06-06,P001,Laptop,Electronics,46,91
2025-06-07,P001,Laptop,Electronics,15,76
2025-06-08,P001,Laptop,Electronics,29,47
2025-06-09,P001,Laptop,Electronics,9,38
2025-06-10,P001,Laptop,Electronics,14,87
2025-06-11,P001,Laptop,Electronics,37,50
2025-06-12,P001,Laptop,Electronics,49,84
2025-06-13,P001,Laptop,Electronics,42,42
2025-06-14,P001,Laptop,Electronics,37,61
2025-06-15,P001,Laptop,Electronics,21,40
2025-06-16,P001,Laptop,Electronics,39,104
2025-06-17,P001,Laptop,Electronics,34,70
2025-06-18,P001,Laptop,Electronics,9,61
2025-06-19,P001,Laptop,Electronics,29,32
2025-06-20,P001,Laptop,Electronics,45,64
2025-06-21,P001,Laptop,Electronics,25,39
2025-06-22,P001,Laptop,Electronics,48,53
2025-06-23,P001,Laptop,Electronics,31,110
2025-06-24,P001,Laptop,Electronics,35,75
2025-06-25,P001,Laptop,Electronics,22,53
2025-06-26,P001,Laptop,Electronics,37,119
2025-06-27,P001,Laptop,Electronics,26,93
2025-06-28,P001,Laptop,Electronics,35,58
2025-06-29,P001,Laptop,Electronics,26,32
2025-06-30,P001,Laptop,Electronics,29,64
2025-07-01,P001,Laptop,Electronics,37,146
2025-07-02,P001,Laptop,Electronics,43,103
2025-07-03,P001,Laptop,Electronics,29,74
2025-07-04,P001,Laptop,Electronics,38,36
2025-07-05,P001,Laptop,Electronics,48,109
2025-07-06,P001,Laptop,Electronics,37,72
2025-07-07,P001,Laptop,Electronics,45,109
2025-07-08,P001,Laptop,Electronics,41,68
2025-07-09,P001,Laptop,Electronics,11,57
2025-07-10,P001,Laptop,Electronics,31,111
2025-07-11,P001,Laptop,Electronics,5,106
2025-07-12,P001,Laptop,Electronics,49,57
2025-07-13,P001,Laptop,Electronics,37,89
2025-07-14,P001,Laptop,Electronics,42,47
2025-07-15,P001,Laptop,Electronics,50,77
2025-07-16,P001,Laptop,Electronics,34,43
2025-07-17,P001,Laptop,Electronics,22,122
2025-07-18,P001,Laptop,Electronics,23,99
2025-07-19,P001,Laptop,Electronics,6,93
2025-07-20,P001,Laptop,Electronics,12,81
2025-07-21,P001,Laptop,Electronics,22,59
2025-07-22,P001,Laptop,Electronics,27,32
2025-07-23,P001,Laptop,Electronics,30,107
2025-07-24,P001,Laptop,Electronics,34,73
2025-07-25,P001,Laptop,Electronics,31,42
2025-07-26,P001,Laptop,Electronics,29,87
2025-07-27,P001,Laptop,Electronics,31,56
2025-07-28,P001,Laptop,Electronics,16,40
2025-07-29,P001,Laptop,Electronics,45,52
2025-07-30,P001,Laptop,Electronics,40,91
2025-07-31,P001,Laptop,Electronics,41,50
2025-08-01,P001,Laptop,Electronics,5,45
2025-08-02,P001,Laptop,Electronics,24,119
2025-08-03,P001,Laptop,Electronics,13,106
2025-08-04,P001,Laptop,Electronics,37,69
2025-08-05,P001,Laptop,Electronics,21,48
2025-08-06,P001,Laptop,Electronics,38,104
2025-08-07,P001,Laptop,Electronics,43,61
2025-08-08,P001,Laptop,Electronics,22,39
2025-08-09,P001,Laptop,Electronics,25,98
2025-08-10,P001,Laptop,Electronics,33,65
2025-08-11,P001,Laptop,Electronics,31,34
2025-08-12,P001,Laptop,Electronics,47,109
2025-08-13,P001,Laptop,Electronics,43,66
2025-08-14,P001,Laptop,Electronics,33,33
2025-08-15,P001,Laptop,Electronics,25,97
2025-08-16,P001,Laptop,Electronics,48,49
2025-08-17,P001,Laptop,Electronics,32,129
2025-08-18,P001,Laptop,Electronics,15,114
2025-08-19,P001,Laptop,Electronics,7,107
2025-08-20,P001,Laptop,Electronics,36,71
2025-08-21,P001,Laptop,Electronics,34,37
2025-08-22,P001,Laptop,Electronics,35,109
2025-08-23,P001,Laptop,Electronics,24,85
2025-08-24,P001,Laptop,Electronics,20,65
2025-08-25,P001,Laptop,Electronics,7,58
2025-08-26,P001,Laptop,Electronics,8,50
2025-08-27,P001,Laptop,Electronics,38,79
2025-08-28,P001,Laptop,Electronics,17,62
2025-08-29,P001,Laptop,Electronics,38,74
2025-08-30,P001,Laptop,Electronics,19,55
2025-08-31,P001,Laptop,Electronics,5,50
2025-09-01,P001,Laptop,Electronics,32,127
2025-09-02,P001,Laptop,Electronics,46,81
2025-09-03,P001,Laptop,Electronics,15,66
2025-09-04,P001,Laptop,Electronics,42,125
2025-09-05,P001,Laptop,Electronics,26,99
2025-09-06,P001,Laptop,Electronics,17,82
2025-09-07,P001,Laptop,Electronics,43,39
2025-09-08,P001,Laptop,Electronics,26,113
2025-09-09,P001,Laptop,Electronics,48,65
2025-09-10,P001,Laptop,Electronics,34,31
2025-09-11,P001,Laptop,Electronics,10,92
2025-09-12,P001,Laptop,Electronics,35,57
2025-09-13,P001,Laptop,Electronics,16,41
2025-09-14,P001,Laptop,Electronics,31,91
2025-09-15,P001,Laptop,Electronics,32,59
2025-09-16,P001,Laptop,Electronics,33,125
2025-09-17,P001,Laptop,Electronics,39,86
2025-09-18,P001,Laptop,Electronics,5,81
2025-09-19,P001,Laptop,Electronics,43,38
2025-09-20,P001,Laptop,Electronics,12,95
2025-09-21,P001,Laptop,Electronics,48,47
2025-09-22,P001,Laptop,Electronics,25,74
2025-09-23,P001,Laptop,Electronics,16,58
2025-09-24,P001,Laptop,Electronics,15,43
2025-09-25,P001,Laptop,Electronics,46,59
2025-09-26,P001,Laptop,Electronics,14,45
2025-09-27,P001,Laptop,Electronics,46,93
2025-09-28,P001,Laptop,Electronics,23,70
2025-09-29,P001,Laptop,Electronics,41,103
2025-09-30,P001,Laptop,Electronics,6,97
2025-10-01,P001,Laptop,Electronics,26,71
2025-10-02,P001,Laptop,Electronics,30,41
2025-10-03,P001,Laptop,Electronics,27,71
2025-10-04,P001,Laptop,Electronics,47,74
2025-10-05,P001,Laptop,Electronics,14,60
2025-10-06,P001,Laptop,Electronics,49,127
2025-10-07,P001,Laptop,Electronics,11,116
2025-10-08,P001,Laptop,Electronics,17,99
2025-10-09,P001,Laptop,Electronics,6,93
2025-10-10,P001,Laptop,Electronics,18,75
2025-10-11,P001,Laptop,Electronics,34,41
2025-10-12,P001,Laptop,Electronics,29,112
2025-10-13,P001,Laptop,Electronics,17,95
2025-10-14,P001,Laptop,Electronics,8,87
2025-10-15,P001,Laptop,Electronics,24,63
2025-10-16,P001,Laptop,Electronics,40,131
2025-10-17,P001,Laptop,Electronics,23,108
2025-10-18,P001,Laptop,Electronics,36,72
2025-10-19,P001,Laptop,Electronics,33,39
2025-10-20,P001,Laptop,Electronics,48,116
2025-10-21,P001,Laptop,Electronics,30,86
2025-10-22,P001,Laptop,Electronics,49,37
2025-10-23,P001,Laptop,Electronics,46,94
2025-10-24,P001,Laptop,Electronics,21,73
2025-10-25,P001,Laptop,Electronics,28,45
2025-10-26,P001,Laptop,Electronics,20,104
2025-10-27,P001,Laptop,Electronics,43,61
2025-10-28,P001,Laptop,Electronics,17,44
2025-10-29,P001,Laptop,Electronics,16,123
2025-10-30,P001,Laptop,Electronics,32,91
2025-10-31,P001,Laptop,Electronics,6,85
2025-11-01,P001,Laptop,Electronics,16,69
2025-11-02,P001,Laptop,Electronics,20,49
2025-11-03,P001,Laptop,Electronics,35,129
2025-11-04,P001,Laptop,Electronics,47,82
2025-11-05,P001,Laptop,Electronics,38,44
2025-11-06,P001,Laptop,Electronics,6,38
2025-11-07,P001,Laptop,Electronics,27,72
2025-11-08,P001,Laptop,Electronics,20,52
2025-11-09,P001,Laptop,Electronics,8,44
2025-11-10,P001,Laptop,Electronics,5,39
2025-11-11,P001,Laptop,Electronics,20,86
2025-11-12,P001,Laptop,Electronics,32,54
2025-11-13,P001,Laptop,Electronics,7,47
2025-11-14,P001,Laptop,Electronics,35,132
2025-11-15,P001,Laptop,Electronics,33,99
2025-11-16,P001,Laptop,Electronics,43,56
2025-11-17,P001,Laptop,Electronics,35,130
2025-11-18,P001,Laptop,Electronics,39,91
2025-11-19,P001,Laptop,Electronics,8,83
2025-11-20,P001,Laptop,Electronics,33,50
2025-11-21,P001,Laptop,Electronics,34,88
2025-11-22,P001,Laptop,Electronics,50,38
2025-11-23,P001,Laptop,Electronics,10,82
2025-11-24,P001,Laptop,Electronics,42,40
2025-11-25,P001,Laptop,Electronics,36,62
2025-11-26,P001,Laptop,Electronics,40,90
2025-11-27,P001,Laptop,Electronics,46,44
2025-11-28,P001,Laptop,Electronics,38,76
2025-11-29,P001,Laptop,Electronics,27,49
2025-11-30,P001,Laptop,Electronics,29,98
2025-12-01,P001,Laptop,Electronics,22,76
2025-12-02,P001,Laptop,Electronics,46,30
2025-12-03,P001,Laptop,Electronics,26,122
2025-12-04,P001,Laptop,Electronics,12,110
2025-12-05,P001,Laptop,Electronics,9,101
2025-12-06,P001,Laptop,Electronics,17,84
2025-12-07,P001,Laptop,Electronics,20,64
2025-12-08,P001,Laptop,Electronics,30,34
2025-12-09,P001,Laptop,Electronics,23,65
2025-12-10,P001,Laptop,Electronics,27,38
2025-12-11,P001,Laptop,Electronics,38,71
2025-12-12,P001,Laptop,Electronics,26,45
2025-12-13,P001,Laptop,Electronics,23,84
2025-12-14,P001,Laptop,Electronics,19,65
2025-12-15,P001,Laptop,Electronics,39,107
2025-12-16,P001,Laptop,Electronics,23,84
2025-12-17,P001,Laptop,Electronics,19,65
2025-12-18,P001,Laptop,Electronics,30,35
2025-12-19,P001,Laptop,Electronics,47,80
2025-12-20,P001,Laptop,Electronics,7,73
2025-12-21,P001,Laptop,Electronics,32,41
2025-12-22,P001,Laptop,Electronics,38,104
2025-12-23,P001,Laptop,Electronics,46,58
2025-12-24,P001,Laptop,Electronics,14,44
2025-12-25,P001,Laptop,Electronics,38,76
2025-12-26,P001,Laptop,Electronics,30,46
2025-12-27,P001,Laptop,Electronics,45,83
2025-12-28,P001,Laptop,Electronics,15,68
2025-12-29,P001,Laptop,Electronics,23,45
2025-12-30,P001,Laptop,Electronics,27,100
2025-12-31,P001,Laptop,Electronics,8,92
2025-01-01,P002,Keyboard,Accessories,32,138
2025-01-02,P002,Keyboard,Accessories,48,90
2025-01-03,P002,Keyboard,Accessories,28,62
2025-01-04,P002,Keyboard,Accessories,41,72
2025-01-05,P002,Keyboard,Accessories,49,108
2025-01-06,P002,Keyboard,Accessories,27,81
2025-01-07,P002,Keyboard,Accessories,48,33
2025-01-08,P002,Keyboard,Accessories,10,127
2025-01-09,P002,Keyboard,Accessories,40,87
2025-01-10,P002,Keyboard,Accessories,17,70
2025-01-11,P002,Keyboard,Accessories,20,50
2025-01-12,P002,Keyboard,Accessories,27,74
2025-01-13,P002,Keyboard,Accessories,41,33
2025-01-14,P002,Keyboard,Accessories,23,119
2025-01-15,P002,Keyboard,Accessories,34,85
2025-01-16,P002,Keyboard,Accessories,9,76
2025-01-17,P002,Keyboard,Accessories,35,41
2025-01-18,P002,Keyboard,Accessories,19,85
2025-01-19,P002,Keyboard,Accessories,21,64
2025-01-20,P002,Keyboard,Accessories,25,39
2025-01-21,P002,Keyboard,Accessories,34,85
2025-01-22,P002,Keyboard,Accessories,50,35
2025-01-23,P002,Keyboard,Accessories,38,104
2025-01-24,P002,Keyboard,Accessories,24,80
2025-01-25,P002,Keyboard,Accessories,26,54
2025-01-26,P002,Keyboard,Accessories,13,41
2025-01-27,P002,Keyboard,Accessories,6,35
2025-01-28,P002,Keyboard,Accessories,14,141
2025-01-29,P002,Keyboard,Accessories,37,104
2025-01-30,P002,Keyboard,Accessories,42,62
2025-01-31,P002,Keyboard,Accessories,11,51
2025-02-01,P002,Keyboard,Accessories,48,101
2025-02-02,P002,Keyboard,Accessories,10,91
2025-02-03,P002,Keyboard,Accessories,43,48
2025-02-04,P002,Keyboard,Accessories,47,75
2025-02-05,P002,Keyboard,Accessories,6,69
2025-02-06,P002,Keyboard,Accessories,36,33
2025-02-07,P002,Keyboard,Accessories,35,99
2025-02-08,P002,Keyboard,Accessories,21,78
2025-02-09,P002,Keyboard,Accessories,49,87
2025-02-10,P002,Keyboard,Accessories,42,45
2025-02-11,P002,Keyboard,Accessories,44,61
2025-02-12,P002,Keyboard,Accessories,8,53
2025-02-13,P002,Keyboard,Accessories,38,81
2025-02-14,P002,Keyboard,Accessories,39,42
2025-02-15,P002,Keyboard,Accessories,27,99
2025-02-16,P002,Keyboard,Accessories,7,92
2025-02-17,P002,Keyboard,Accessories,13,79
2025-02-18,P002,Keyboard,Accessories,23,56
2025-02-19,P002,Keyboard,Accessories,23,33
2025-02-20,P002,Keyboard,Accessories,47,110
2025-02-21,P002,Keyboard,Accessories,5,105
2025-02-22,P002,Keyboard,Accessories,18,87
2025-02-23,P002,Keyboard,Accessories,13,74
2025-02-24,P002,Keyboard,Accessories,22,52
2025-02-25,P002,Keyboard,Accessories,38,76
2025-02-26,P002,Keyboard,Accessories,47,145
2025-02-27,P002,Keyboard,Accessories,29,116
2025-02-28,P002,Keyboard,Accessories,27,89
2025-03-01,P002,Keyboard,Accessories,29,60
2025-03-02,P002,Keyboard,Accessories,23,37
2025-03-03,P002,Keyboard,Accessories,32,115
2025-03-04,P002,Keyboard,Accessories,40,75
2025-03-05,P002,Keyboard,Accessories,13,62
2025-03-06,P002,Keyboard,Accessories,48,111
2025-03-07,P002,Keyboard,Accessories,7,104
2025-03-08,P002,Keyboard,Accessories,7,97
2025-03-09,P002,Keyboard,Accessories,6,91
2025-03-10,P002,Keyboard,Accessories,31,60
2025-03-11,P002,Keyboard,Accessories,25,35
2025-03-12,P002,Keyboard,Accessories,35,58
2025-03-13,P002,Keyboard,Accessories,25,33
2025-03-14,P002,Keyboard,Accessories,20,74
2025-03-15,P002,Keyboard,Accessories,40,34
2025-03-16,P002,Keyboard,Accessories,41,70
2025-03-17,P002,Keyboard,Accessories,47,100
2025-03-18,P002,Keyboard,Accessories,12,88
2025-03-19,P002,Keyboard,Accessories,41,47
2025-03-20,P002,Keyboard,Accessories,30,76
2025-03-21,P002,Keyboard,Accessories,24,52
2025-03-22,P002,Keyboard,Accessories,50,101
2025-03-23,P002,Keyboard,Accessories,50,51
2025-03-24,P002,Keyboard,Accessories,22,114
2025-03-25,P002,Keyboard,Accessories,13,101
2025-03-26,P002,Keyboard,Accessories,34,67
2025-03-27,P002,Keyboard,Accessories,25,42
2025-03-28,P002,Keyboard,Accessories,27,106
2025-03-29,P002,Keyboard,Accessories,43,63
2025-03-30,P002,Keyboard,Accessories,26,37
2025-03-31,P002,Keyboard,Accessories,20,116
2025-04-01,P002,Keyboard,Accessories,25,91
2025-04-02,P002,Keyboard,Accessories,25,66
2025-04-03,P002,Keyboard,Accessories,16,50
2025-04-04,P002,Keyboard,Accessories,48,53
2025-04-05,P002,Keyboard,Accessories,38,86
2025-04-06,P002,Keyboard,Accessories,10,76
2025-04-07,P002,Keyboard,Accessories,9,67
2025-04-08,P002,Keyboard,Accessories,30,37
2025-04-09,P002,Keyboard,Accessories,15,73
2025-04-10,P002,Keyboard,Accessories,40,33
2025-04-11,P002,Keyboard,Accessories,45,60
2025-04-12,P002,Keyboard,Accessories,42,112
2025-04-13,P002,Keyboard,Accessories,42,70
2025-04-14,P002,Keyboard,Accessories,6,64
2025-04-15,P002,Keyboard,Accessories,24,40
2025-04-16,P002,Keyboard,Accessories,28,125
2025-04-17,P002,Keyboard,Accessories,17,108
2025-04-18,P002,Keyboard,Accessories,25,83
2025-04-19,P002,Keyboard,Accessories,28,55
2025-04-20,P002,Keyboard,Accessories,16,39
2025-04-21,P002,Keyboard,Accessories,26,82
2025-04-22,P002,Keyboard,Accessories,21,61
2025-04-23,P002,Keyboard,Accessories,20,41
2025-04-24,P002,Keyboard,Accessories,31,69
2025-04-25,P002,Keyboard,Accessories,44,75
2025-04-26,P002,Keyboard,Accessories,14,61
2025-04-27,P002,Keyboard,Accessories,22,39
2025-04-28,P002,Keyboard,Accessories,47,59
2025-04-29,P002,Keyboard,Accessories,24,35
2025-04-30,P002,Keyboard,Accessories,41,51
2025-05-01,P002,Keyboard,Accessories,49,54
2025-05-02,P002,Keyboard,Accessories,47,101
2025-05-03,P002,Keyboard,Accessories,31,70
2025-05-04,P002,Keyboard,Accessories,13,57
2025-05-05,P002,Keyboard,Accessories,44,127
2025-05-06,P002,Keyboard,Accessories,24,103
2025-05-07,P002,Keyboard,Accessories,47,56
2025-05-08,P002,Keyboard,Accessories,30,133
2025-05-09,P002,Keyboard,Accessories,33,100
2025-05-10,P002,Keyboard,Accessories,38,62
2025-05-11,P002,Keyboard,Accessories,48,82
2025-05-12,P002,Keyboard,Accessories,30,52
2025-05-13,P002,Keyboard,Accessories,15,37
2025-05-14,P002,Keyboard,Accessories,32,109
2025-05-15,P002,Keyboard,Accessories,12,97
2025-05-16,P002,Keyboard,Accessories,40,57
2025-05-17,P002,Keyboard,Accessories,46,74
2025-05-18,P002,Keyboard,Accessories,16,58
2025-05-19,P002,Keyboard,Accessories,32,97
2025-05-20,P002,Keyboard,Accessories,44,53
2025-05-21,P002,Keyboard,Accessories,10,43
2025-05-22,P002,Keyboard,Accessories,8,35
2025-05-23,P002,Keyboard,Accessories,22,89
2025-05-24,P002,Keyboard,Accessories,30,59
2025-05-25,P002,Keyboard,Accessories,38,125
2025-05-26,P002,Keyboard,Accessories,50,75
2025-05-27,P002,Keyboard,Accessories,19,56
2025-05-28,P002,Keyboard,Accessories,47,116
2025-05-29,P002,Keyboard,Accessories,25,91
2025-05-30,P002,Keyboard,Accessories,27,64
2025-05-31,P002,Keyboard,Accessories,23,41
2025-06-01,P002,Keyboard,Accessories,25,113
2025-06-02,P002,Keyboard,Accessories,42,71
2025-06-03,P002,Keyboard,Accessories,37,34
2025-06-04,P002,Keyboard,Accessories,50,95
2025-06-05,P002,Keyboard,Accessories,42,53
2025-06-06,P002,Keyboard,Accessories,32,102
2025-06-07,P002,Keyboard,Accessories,14,88
2025-06-08,P002,Keyboard,Accessories,42,46
2025-06-09,P002,Keyboard,Accessories,16,30
2025-06-10,P002,Keyboard,Accessories,19,106
2025-06-11,P002,Keyboard,Accessories,24,82
2025-06-12,P002,Keyboard,Accessories,29,53
2025-06-13,P002,Keyboard,Accessories,28,82
2025-06-14,P002,Keyboard,Accessories,43,39
2025-06-15,P002,Keyboard,Accessories,7,32
2025-06-16,P002,Keyboard,Accessories,47,57
2025-06-17,P002,Keyboard,Accessories,28,146
2025-06-18,P002,Keyboard,Accessories,39,107
2025-06-19,P002,Keyboard,Accessories,47,60
2025-06-20,P002,Keyboard,Accessories,50,104
2025-06-21,P002,Keyboard,Accessories,12,92
2025-06-22,P002,Keyboard,Accessories,15,77
2025-06-23,P002,Keyboard,Accessories,27,50
2025-06-24,P002,Keyboard,Accessories,22,93
2025-06-25,P002,Keyboard,Accessories,13,80
2025-06-26,P002,Keyboard,Accessories,7,73
2025-06-27,P002,Keyboard,Accessories,18,55
2025-06-28,P002,Keyboard,Accessories,30,127
2025-06-29,P002,Keyboard,Accessories,9,118
2025-06-30,P002,Keyboard,Accessories,5,113
2025-07-01,P002,Keyboard,Accessories,19,94
2025-07-02,P002,Keyboard,Accessories,8,86
2025-07-03,P002,Keyboard,Accessories,19,67
2025-07-04,P002,Keyboard,Accessories,10,57
2025-07-05,P002,Keyboard,Accessories,39,111
2025-07-06,P002,Keyboard,Accessories,29,82
2025-07-07,P002,Keyboard,Accessories,41,41
2025-07-08,P002,Keyboard,Accessories,6,35
2025-07-09,P002,Keyboard,Accessories,12,134
2025-07-10,P002,Keyboard,Accessories,24,110
2025-07-11,P002,Keyboard,Accessories,19,91
2025-07-12,P002,Keyboard,Accessories,10,81
2025-07-13,P002,Keyboard,Accessories,50,31
2025-07-14,P002,Keyboard,Accessories,47,55
2025-07-15,P002,Keyboard,Accessories,42,88
2025-07-16,P002,Keyboard,Accessories,39,49
2025-07-17,P002,Keyboard,Accessories,32,108
2025-07-18,P002,Keyboard,Accessories,5,103
2025-07-19,P002,Keyboard,Accessories,5,98
2025-07-20,P002,Keyboard,Accessories,28,70
2025-07-21,P002,Keyboard,Accessories,36,34
2025-07-22,P002,Keyboard,Accessories,22,67
2025-07-23,P002,Keyboard,Accessories,40,125
2025-07-24,P002,Keyboard,Accessories,49,76
2025-07-25,P002,Keyboard,Accessories,17,59
2025-07-26,P002,Keyboard,Accessories,42,112
2025-07-27,P002,Keyboard,Accessories,14,98
2025-07-28,P002,Keyboard,Accessories,47,51
2025-07-29,P002,Keyboard,Accessories,18,33
2025-07-30,P002,Keyboard,Accessories,42,59
2025-07-31,P002,Keyboard,Accessories,11,48
2025-08-01,P002,Keyboard,Accessories,22,142
2025-08-02,P002,Keyboard,Accessories,37,105
2025-08-03,P002,Keyboard,Accessories,7,98
2025-08-04,P002,Keyboard,Accessories,7,91
2025-08-05,P002,Keyboard,Accessories,9,82
2025-08-06,P002,Keyboard,Accessories,21,61
2025-08-07,P002,Keyboard,Accessories,44,101
2025-08-08,P002,Keyboard,Accessories,13,88
2025-08-09,P002,Keyboard,Accessories,19,69
2025-08-10,P002,Keyboard,Accessories,30,39
2025-08-11,P002,Keyboard,Accessories,15,127
2025-08-12,P002,Keyboard,Accessories,14,113
2025-08-13,P002,Keyboard,Accessories,37,76
2025-08-14,P002,Keyboard,Accessories,27,49
2025-08-15,P002,Keyboard,Accessories,29,109
2025-08-16,P002,Keyboard,Accessories,21,88
2025-08-17,P002,Keyboard,Accessories,26,62
2025-08-18,P002,Keyboard,Accessories,7,55
2025-08-19,P002,Keyboard,Accessories,44,116
2025-08-20,P002,Keyboard,Accessories,7,109
2025-08-21,P002,Keyboard,Accessories,16,93
2025-08-22,P002,Keyboard,Accessories,48,45
2025-08-23,P002,Keyboard,Accessories,29,134
2025-08-24,P002,Keyboard,Accessories,21,113
2025-08-25,P002,Keyboard,Accessories,34,79
2025-08-26,P002,Keyboard,Accessories,28,51
2025-08-27,P002,Keyboard,Accessories,46,89
2025-08-28,P002,Keyboard,Accessories,5,84
2025-08-29,P002,Keyboard,Accessories,19,65
2025-08-30,P002,Keyboard,Accessories,22,43
2025-08-31,P002,Keyboard,Accessories,12,31
2025-09-01,P002,Keyboard,Accessories,43,102
2025-09-02,P002,Keyboard,Accessories,45,57
2025-09-03,P002,Keyboard,Accessories,38,92
2025-09-04,P002,Keyboard,Accessories,27,65
2025-09-05,P002,Keyboard,Accessories,25,40
2025-09-06,P002,Keyboard,Accessories,10,30
2025-09-07,P002,Keyboard,Accessories,36,111
2025-09-08,P002,Keyboard,Accessories,30,81
2025-09-09,P002,Keyboard,Accessories,17,64
2025-09-10,P002,Keyboard,Accessories,12,52
2025-09-11,P002,Keyboard,Accessories,33,107
2025-09-12,P002,Keyboard,Accessories,28,79
2025-09-13,P002,Keyboard,Accessories,11,68
2025-09-14,P002,Keyboard,Accessories,11,57
2025-09-15,P002,Keyboard,Accessories,41,81
2025-09-16,P002,Keyboard,Accessories,16,65
2025-09-17,P002,Keyboard,Accessories,18,47
2025-09-18,P002,Keyboard,Accessories,30,117
2025-09-19,P002,Keyboard,Accessories,18,99
2025-09-20,P002,Keyboard,Accessories,31,68
2025-09-21,P002,Keyboard,Accessories,27,41
2025-09-22,P002,Keyboard,Accessories,6,35
2025-09-23,P002,Keyboard,Accessories,22,124
2025-09-24,P002,Keyboard,Accessories,13,111
2025-09-25,P002,Keyboard,Accessories,6,105
2025-09-26,P002,Keyboard,Accessories,30,75
2025-09-27,P002,Keyboard,Accessories,38,37
2025-09-28,P002,Keyboard,Accessories,28,61
2025-09-29,P002,Keyboard,Accessories,18,43
2025-09-30,P002,Keyboard,Accessories,13,30
2025-10-01,P002,Keyboard,Accessories,13,115
2025-10-02,P002,Keyboard,Accessories,17,98
2025-10-03,P002,Keyboard,Accessories,36,62
2025-10-04,P002,Keyboard,Accessories,14,48
2025-10-05,P002,Keyboard,Accessories,41,78
2025-10-06,P002,Keyboard,Accessories,11,67
2025-10-07,P002,Keyboard,Accessories,15,52
2025-10-08,P002,Keyboard,Accessories,17,35
2025-10-09,P002,Keyboard,Accessories,25,109
2025-10-10,P002,Keyboard,Accessories,44,65
2025-10-11,P002,Keyboard,Accessories,10,55
2025-10-12,P002,Keyboard,Accessories,38,94
2025-10-13,P002,Keyboard,Accessories,31,63
2025-10-14,P002,Keyboard,Accessories,38,128
2025-10-15,P002,Keyboard,Accessories,45,83
2025-10-16,P002,Keyboard,Accessories,47,36
2025-10-17,P002,Keyboard,Accessories,31,85
2025-10-18,P002,Keyboard,Accessories,49,36
2025-10-19,P002,Keyboard,Accessories,50,95
2025-10-20,P002,Keyboard,Accessories,32,63
2025-10-21,P002,Keyboard,Accessories,32,31
2025-10-22,P002,Keyboard,Accessories,37,78
2025-10-23,P002,Keyboard,Accessories,12,66
2025-10-24,P002,Keyboard,Accessories,29,37
2025-10-25,P002,Keyboard,Accessories,46,70
2025-10-26,P002,Keyboard,Accessories,22,48
2025-10-27,P002,Keyboard,Accessories,17,31
2025-10-28,P002,Keyboard,Accessories,50,67
2025-10-29,P002,Keyboard,Accessories,10,57
2025-10-30,P002,Keyboard,Accessories,9,48
2025-10-31,P002,Keyboard,Accessories,36,107
2025-11-01,P002,Keyboard,Accessories,17,90
2025-11-02,P002,Keyboard,Accessories,15,75
2025-11-03,P002,Keyboard,Accessories,36,39
2025-11-04,P002,Keyboard,Accessories,19,125
2025-11-05,P002,Keyboard,Accessories,44,81
2025-11-06,P002,Keyboard,Accessories,46,35
2025-11-07,P002,Keyboard,Accessories,42,53
2025-11-08,P002,Keyboard,Accessories,21,32
2025-11-09,P002,Keyboard,Accessories,45,73
2025-11-10,P002,Keyboard,Accessories,11,62
2025-11-11,P002,Keyboard,Accessories,5,57
2025-11-12,P002,Keyboard,Accessories,9,48
2025-11-13,P002,Keyboard,Accessories,7,41
2025-11-14,P002,Keyboard,Accessories,27,77
2025-11-15,P002,Keyboard,Accessories,14,63
2025-11-16,P002,Keyboard,Accessories,5,58
2025-11-17,P002,Keyboard,Accessories,25,33
2025-11-18,P002,Keyboard,Accessories,18,97
2025-11-19,P002,Keyboard,Accessories,50,47
2025-11-20,P002,Keyboard,Accessories,24,136
2025-11-21,P002,Keyboard,Accessories,49,87
2025-11-22,P002,Keyboard,Accessories,34,53
2025-11-23,P002,Keyboard,Accessories,39,68
2025-11-24,P002,Keyboard,Accessories,38,30
2025-11-25,P002,Keyboard,Accessories,21,106
2025-11-26,P002,Keyboard,Accessories,22,84
2025-11-27,P002,Keyboard,Accessories,27,57
2025-11-28,P002,Keyboard,Accessories,11,46
2025-11-29,P002,Keyboard,Accessories,49,86
2025-11-30,P002,Keyboard,Accessories,12,74
2025-12-01,P002,Keyboard,Accessories,7,67
2025-12-02,P002,Keyboard,Accessories,36,31
2025-12-03,P002,Keyboard,Accessories,25,89
2025-12-04,P002,Keyboard,Accessories,50,39
2025-12-05,P002,Keyboard,Accessories,14,95
2025-12-06,P002,Keyboard,Accessories,25,70
2025-12-07,P002,Keyboard,Accessories,19,51
2025-12-08,P002,Keyboard,Accessories,5,46
2025-12-09,P002,Keyboard,Accessories,11,35
2025-12-10,P002,Keyboard,Accessories,42,107
2025-12-11,P002,Keyboard,Accessories,48,59
2025-12-12,P002,Keyboard,Accessories,33,106
2025-12-13,P002,Keyboard,Accessories,41,65
2025-12-14,P002,Keyboard,Accessories,44,105
2025-12-15,P002,Keyboard,Accessories,39,66
2025-12-16,P002,Keyboard,Accessories,15,51
2025-12-17,P002,Keyboard,Accessories,46,74
2025-12-18,P002,Keyboard,Accessories,22,52
2025-12-19,P002,Keyboard,Accessories,14,38
2025-12-20,P002,Keyboard,Accessories,45,74
2025-12-21,P002,Keyboard,Accessories,19,55
2025-12-22,P002,Keyboard,Accessories,50,75
2025-12-23,P002,Keyboard,Accessories,38,37
2025-12-24,P002,Keyboard,Accessories,46,80
2025-12-25,P002,Keyboard,Accessories,6,74
2025-12-26,P002,Keyboard,Accessories,24,50
2025-12-27,P002,Keyboard,Accessories,20,30
2025-12-28,P002,Keyboard,Accessories,20,74
2025-12-29,P002,Keyboard,Accessories,16,58
2025-12-30,P002,Keyboard,Accessories,45,117
2025-12-31,P002,Keyboard,Accessories,13,104
2025-01-01,P003,Mouse,Accessories,6,131
2025-01-02,P003,Mouse,Accessories,11,120
2025-01-03,P003,Mouse,Accessories,7,113
2025-01-04,P003,Mouse,Accessories,42,71
2025-01-05,P003,Mouse,Accessories,19,52
2025-01-06,P003,Mouse,Accessories,12,40
2025-01-07,P003,Mouse,Accessories,26,130
2025-01-08,P003,Mouse,Accessories,12,118
2025-01-09,P003,Mouse,Accessories,29,89
2025-01-10,P003,Mouse,Accessories,20,69
2025-01-11,P003,Mouse,Accessories,32,37
2025-01-12,P003,Mouse,Accessories,43,92
2025-01-13,P003,Mouse,Accessories,22,70
2025-01-14,P003,Mouse,Accessories,17,53
2025-01-15,P003,Mouse,Accessories,20,33
2025-01-16,P003,Mouse,Accessories,49,115
2025-01-17,P003,Mouse,Accessories,42,73
2025-01-18,P003,Mouse,Accessories,30,43
2025-01-19,P003,Mouse,Accessories,45,92
2025-01-20,P003,Mouse,Accessories,27,65
2025-01-21,P003,Mouse,Accessories,37,95
2025-01-22,P003,Mouse,Accessories,31,64
2025-01-23,P003,Mouse,Accessories,41,100
2025-01-24,P003,Mouse,Accessories,27,73
2025-01-25,P003,Mouse,Accessories,7,66
2025-01-26,P003,Mouse,Accessories,38,113
2025-01-27,P003,Mouse,Accessories,27,86
2025-01-28,P003,Mouse,Accessories,48,38
2025-01-29,P003,Mouse,Accessories,21,75
2025-01-30,P003,Mouse,Accessories,14,61
2025-01-31,P003,Mouse,Accessories,34,102
2025-02-01,P003,Mouse,Accessories,18,84
2025-02-02,P003,Mouse,Accessories,18,66
2025-02-03,P003,Mouse,Accessories,5,61
2025-02-04,P003,Mouse,Accessories,46,69
2025-02-05,P003,Mouse,Accessories,33,36
2025-02-06,P003,Mouse,Accessories,13,98
2025-02-07,P003,Mouse,Accessories,19,79
2025-02-08,P003,Mouse,Accessories,28,51
2025-02-09,P003,Mouse,Accessories,41,90
2025-02-10,P003,Mouse,Accessories,42,48
2025-02-11,P003,Mouse,Accessories,21,108
2025-02-12,P003,Mouse,Accessories,6,102
2025-02-13,P003,Mouse,Accessories,20,82
2025-02-14,P003,Mouse,Accessories,25,57
2025-02-15,P003,Mouse,Accessories,21,36
2025-02-16,P003,Mouse,Accessories,11,91
2025-02-17,P003,Mouse,Accessories,6,85
2025-02-18,P003,Mouse,Accessories,8,77
2025-02-19,P003,Mouse,Accessories,20,57
2025-02-20,P003,Mouse,Accessories,27,30
2025-02-21,P003,Mouse,Accessories,36,105
2025-02-22,P003,Mouse,Accessories,14,91
2025-02-23,P003,Mouse,Accessories,36,55
2025-02-24,P003,Mouse,Accessories,21,34
2025-02-25,P003,Mouse,Accessories,37,58
2025-02-26,P003,Mouse,Accessories,41,120
2025-02-27,P003,Mouse,Accessories,19,101
2025-02-28,P003,Mouse,Accessories,16,85
2025-03-01,P003,Mouse,Accessories,20,65
2025-03-02,P003,Mouse,Accessories,19,46
2025-03-03,P003,Mouse,Accessories,30,94
2025-03-04,P003,Mouse,Accessories,25,69
2025-03-05,P003,Mouse,Accessories,5,64
2025-03-06,P003,Mouse,Accessories,20,44
2025-03-07,P003,Mouse,Accessories,47,115
2025-03-08,P003,Mouse,Accessories,41,74
2025-03-09,P003,Mouse,Accessories,16,58
2025-03-10,P003,Mouse,Accessories,13,45
2025-03-11,P003,Mouse,Accessories,35,102
2025-03-12,P003,Mouse,Accessories,42,60
2025-03-13,P003,Mouse,Accessories,5,55
2025-03-14,P003,Mouse,Accessories,41,91
2025-03-15,P003,Mouse,Accessories,43,48
2025-03-16,P003,Mouse,Accessories,32,126
2025-03-17,P003,Mouse,Accessories,7,119
2025-03-18,P003,Mouse,Accessories,41,78
2025-03-19,P003,Mouse,Accessories,13,65
2025-03-20,P003,Mouse,Accessories,13,52
2025-03-21,P003,Mouse,Accessories,22,30
2025-03-22,P003,Mouse,Accessories,15,135
2025-03-23,P003,Mouse,Accessories,32,103
2025-03-24,P003,Mouse,Accessories,29,74
2025-03-25,P003,Mouse,Accessories,39,35
2025-03-26,P003,Mouse,Accessories,26,73
2025-03-27,P003,Mouse,Accessories,20,53
2025-03-28,P003,Mouse,Accessories,44,103
2025-03-29,P003,Mouse,Accessories,25,78
2025-03-30,P003,Mouse,Accessories,37,41
2025-03-31,P003,Mouse,Accessories,16,107
2025-04-01,P003,Mouse,Accessories,17,90
2025-04-02,P003,Mouse,Accessories,39,51
2025-04-03,P003,Mouse,Accessories,18,33
2025-04-04,P003,Mouse,Accessories,22,91
2025-04-05,P003,Mouse,Accessories,12,79
2025-04-06,P003,Mouse,Accessories,48,31
2025-04-07,P003,Mouse,Accessories,14,112
2025-04-08,P003,Mouse,Accessories,38,74
2025-04-09,P003,Mouse,Accessories,36,38
2025-04-10,P003,Mouse,Accessories,41,51
2025-04-11,P003,Mouse,Accessories,13,38
2025-04-12,P003,Mouse,Accessories,35,101
2025-04-13,P003,Mouse,Accessories,42,59
2025-04-14,P003,Mouse,Accessories,38,114
2025-04-15,P003,Mouse,Accessories,20,94
2025-04-16,P003,Mouse,Accessories,36,58
2025-04-17,P003,Mouse,Accessories,42,104
2025-04-18,P003,Mouse,Accessories,35,69
2025-04-19,P003,Mouse,Accessories,11,58
2025-04-20,P003,Mouse,Accessories,30,143
2025-04-21,P003,Mouse,Accessories,37,106
2025-04-22,P003,Mouse,Accessories,30,76
2025-04-23,P003,Mouse,Accessories,32,44
2025-04-24,P003,Mouse,Accessories,5,39
2025-04-25,P003,Mouse,Accessories,40,86
2025-04-26,P003,Mouse,Accessories,47,39
2025-04-27,P003,Mouse,Accessories,12,137
2025-04-28,P003,Mouse,Accessories,30,107
2025-04-29,P003,Mouse,Accessories,8,99
2025-04-30,P003,Mouse,Accessories,21,78
2025-05-01,P003,Mouse,Accessories,47,31
2025-05-02,P003,Mouse,Accessories,28,84
2025-05-03,P003,Mouse,Accessories,48,36
2025-05-04,P003,Mouse,Accessories,41,120
2025-05-05,P003,Mouse,Accessories,29,91
2025-05-06,P003,Mouse,Accessories,16,75
2025-05-07,P003,Mouse,Accessories,8,67
2025-05-08,P003,Mouse,Accessories,32,35
2025-05-09,P003,Mouse,Accessories,18,78
2025-05-10,P003,Mouse,Accessories,29,49
2025-05-11,P003,Mouse,Accessories,14,35
2025-05-12,P003,Mouse,Accessories,35,79
2025-05-13,P003,Mouse,Accessories,36,43
2025-05-14,P003,Mouse,Accessories,7,36
2025-05-15,P003,Mouse,Accessories,42,116
2025-05-16,P003,Mouse,Accessories,31,85
2025-05-17,P003,Mouse,Accessories,11,74
2025-05-18,P003,Mouse,Accessories,21,53
2025-05-19,P003,Mouse,Accessories,47,105
2025-05-20,P003,Mouse,Accessories,41,64
2025-05-21,P003,Mouse,Accessories,40,122
2025-05-22,P003,Mouse,Accessories,35,87
2025-05-23,P003,Mouse,Accessories,38,49
2025-05-24,P003,Mouse,Accessories,37,112
2025-05-25,P003,Mouse,Accessories,45,67
2025-05-26,P003,Mouse,Accessories,13,54
2025-05-27,P003,Mouse,Accessories,32,73
2025-05-28,P003,Mouse,Accessories,31,42
2025-05-29,P003,Mouse,Accessories,47,105
2025-05-30,P003,Mouse,Accessories,10,95
2025-05-31,P003,Mouse,Accessories,32,63
2025-06-01,P003,Mouse,Accessories,27,36
2025-06-02,P003,Mouse,Accessories,14,99
2025-06-03,P003,Mouse,Accessories,37,62
2025-06-04,P003,Mouse,Accessories,49,70
2025-06-05,P003,Mouse,Accessories,37,33
2025-06-06,P003,Mouse,Accessories,35,117
2025-06-07,P003,Mouse,Accessories,12,105
2025-06-08,P003,Mouse,Accessories,13,92
2025-06-09,P003,Mouse,Accessories,50,42
2025-06-10,P003,Mouse,Accessories,8,34
2025-06-11,P003,Mouse,Accessories,46,103
2025-06-12,P003,Mouse,Accessories,5,98
2025-06-13,P003,Mouse,Accessories,13,85
2025-06-14,P003,Mouse,Accessories,35,50
2025-06-15,P003,Mouse,Accessories,38,89
2025-06-16,P003,Mouse,Accessories,29,60
2025-06-17,P003,Mouse,Accessories,45,104
2025-06-18,P003,Mouse,Accessories,42,62
2025-06-19,P003,Mouse,Accessories,14,48
2025-06-20,P003,Mouse,Accessories,21,103
2025-06-21,P003,Mouse,Accessories,26,77
2025-06-22,P003,Mouse,Accessories,47,30
2025-06-23,P003,Mouse,Accessories,23,125
2025-06-24,P003,Mouse,Accessories,15,110
2025-06-25,P003,Mouse,Accessories,28,82
2025-06-26,P003,Mouse,Accessories,27,55
2025-06-27,P003,Mouse,Accessories,27,143
2025-06-28,P003,Mouse,Accessories,43,100
2025-06-29,P003,Mouse,Accessories,41,59
2025-06-30,P003,Mouse,Accessories,33,108
2025-07-01,P003,Mouse,Accessories,26,82
2025-07-02,P003,Mouse,Accessories,42,40
2025-07-03,P003,Mouse,Accessories,25,134
2025-07-04,P003,Mouse,Accessories,24,110
2025-07-05,P003,Mouse,Accessories,8,102
2025-07-06,P003,Mouse,Accessories,20,82
2025-07-07,P003,Mouse,Accessories,39,43
2025-07-08,P003,Mouse,Accessories,26,133
2025-07-09,P003,Mouse,Accessories,34,99
2025-07-10,P003,Mouse,Accessories,21,78
2025-07-11,P003,Mouse,Accessories,14,64
2025-07-12,P003,Mouse,Accessories,22,42
2025-07-13,P003,Mouse,Accessories,11,31
2025-07-14,P003,Mouse,Accessories,27,65
2025-07-15,P003,Mouse,Accessories,31,34
2025-07-16,P003,Mouse,Accessories,47,112
2025-07-17,P003,Mouse,Accessories,26,86
2025-07-18,P003,Mouse,Accessories,49,37
2025-07-19,P003,Mouse,Accessories,40,78
2025-07-20,P003,Mouse,Accessories,8,70
2025-07-21,P003,Mouse,Accessories,47,84
2025-07-22,P003,Mouse,Accessories,24,60
2025-07-23,P003,Mouse,Accessories,25,35
2025-07-24,P003,Mouse,Accessories,47,74
2025-07-25,P003,Mouse,Accessories,20,54
2025-07-26,P003,Mouse,Accessories,22,32
2025-07-27,P003,Mouse,Accessories,49,79
2025-07-28,P003,Mouse,Accessories,10,69
2025-07-29,P003,Mouse,Accessories,6,63
2025-07-30,P003,Mouse,Accessories,33,30
2025-07-31,P003,Mouse,Accessories,30,107
2025-08-01,P003,Mouse,Accessories,31,76
2025-08-02,P003,Mouse,Accessories,24,52
2025-08-03,P003,Mouse,Accessories,27,103
2025-08-04,P003,Mouse,Accessories,21,82
2025-08-05,P003,Mouse,Accessories,13,69
2025-08-06,P003,Mouse,Accessories,47,73
2025-08-07,P003,Mouse,Accessories,27,46
2025-08-08,P003,Mouse,Accessories,34,105
2025-08-09,P003,Mouse,Accessories,37,68
2025-08-10,P003,Mouse,Accessories,43,132
2025-08-11,P003,Mouse,Accessories,37,95
2025-08-12,P003,Mouse,Accessories,35,60
2025-08-13,P003,Mouse,Accessories,26,34
2025-08-14,P003,Mouse,Accessories,31,59
2025-08-15,P003,Mouse,Accessories,43,89
2025-08-16,P003,Mouse,Accessories,48,41
2025-08-17,P003,Mouse,Accessories,17,75
2025-08-18,P003,Mouse,Accessories,16,59
2025-08-19,P003,Mouse,Accessories,36,138
2025-08-20,P003,Mouse,Accessories,5,133
2025-08-21,P003,Mouse,Accessories,32,101
2025-08-22,P003,Mouse,Accessories,44,57
2025-08-23,P003,Mouse,Accessories,23,34
2025-08-24,P003,Mouse,Accessories,23,101
2025-08-25,P003,Mouse,Accessories,34,67
2025-08-26,P003,Mouse,Accessories,28,39
2025-08-27,P003,Mouse,Accessories,8,31
2025-08-28,P003,Mouse,Accessories,25,101
2025-08-29,P003,Mouse,Accessories,49,52
2025-08-30,P003,Mouse,Accessories,45,97
2025-08-31,P003,Mouse,Accessories,33,64
2025-09-01,P003,Mouse,Accessories,45,126
2025-09-02,P003,Mouse,Accessories,18,108
2025-09-03,P003,Mouse,Accessories,12,96
2025-09-04,P003,Mouse,Accessories,9,87
2025-09-05,P003,Mouse,Accessories,28,59
2025-09-06,P003,Mouse,Accessories,40,120
2025-09-07,P003,Mouse,Accessories,46,74
2025-09-08,P003,Mouse,Accessories,45,90
2025-09-09,P003,Mouse,Accessories,46,44
2025-09-10,P003,Mouse,Accessories,7,37
2025-09-11,P003,Mouse,Accessories,12,128
2025-09-12,P003,Mouse,Accessories,36,92
2025-09-13,P003,Mouse,Accessories,12,80
2025-09-14,P003,Mouse,Accessories,50,30
2025-09-15,P003,Mouse,Accessories,26,62
2025-09-16,P003,Mouse,Accessories,39,142
2025-09-17,P003,Mouse,Accessories,39,103
2025-09-18,P003,Mouse,Accessories,48,55
2025-09-19,P003,Mouse,Accessories,24,31
2025-09-20,P003,Mouse,Accessories,10,117
2025-09-21,P003,Mouse,Accessories,17,100
2025-09-22,P003,Mouse,Accessories,30,70
2025-09-23,P003,Mouse,Accessories,25,45
2025-09-24,P003,Mouse,Accessories,30,101
2025-09-25,P003,Mouse,Accessories,39,62
2025-09-26,P003,Mouse,Accessories,30,32
2025-09-27,P003,Mouse,Accessories,28,58
2025-09-28,P003,Mouse,Accessories,33,115
2025-09-29,P003,Mouse,Accessories,26,89
2025-09-30,P003,Mouse,Accessories,12,77
2025-10-01,P003,Mouse,Accessories,12,65
2025-10-02,P003,Mouse,Accessories,34,31
2025-10-03,P003,Mouse,Accessories,33,65
2025-10-04,P003,Mouse,Accessories,16,49
2025-10-05,P003,Mouse,Accessories,45,54
2025-10-06,P003,Mouse,Accessories,44,113
2025-10-07,P003,Mouse,Accessories,11,102
2025-10-08,P003,Mouse,Accessories,23,79
2025-10-09,P003,Mouse,Accessories,17,62
2025-10-10,P003,Mouse,Accessories,22,40
2025-10-11,P003,Mouse,Accessories,38,63
2025-10-12,P003,Mouse,Accessories,49,73
2025-10-13,P003,Mouse,Accessories,46,85
2025-10-14,P003,Mouse,Accessories,44,41
2025-10-15,P003,Mouse,Accessories,20,134
2025-10-16,P003,Mouse,Accessories,35,99
2025-10-17,P003,Mouse,Accessories,14,85
2025-10-18,P003,Mouse,Accessories,15,70
2025-10-19,P003,Mouse,Accessories,44,93
2025-10-20,P003,Mouse,Accessories,27,66
2025-10-21,P003,Mouse,Accessories,6,60
2025-10-22,P003,Mouse,Accessories,14,46
2025-10-23,P003,Mouse,Accessories,29,90
2025-10-24,P003,Mouse,Accessories,31,59
2025-10-25,P003,Mouse,Accessories,19,40
2025-10-26,P003,Mouse,Accessories,49,56
2025-10-27,P003,Mouse,Accessories,40,112
2025-10-28,P003,Mouse,Accessories,27,85
2025-10-29,P003,Mouse,Accessories,7,78
2025-10-30,P003,Mouse,Accessories,39,39
2025-10-31,P003,Mouse,Accessories,41,62
2025-11-01,P003,Mouse,Accessories,11,51
2025-11-02,P003,Mouse,Accessories,32,111
2025-11-03,P003,Mouse,Accessories,21,90
2025-11-04,P003,Mouse,Accessories,20,70
2025-11-05,P003,Mouse,Accessories,24,46
2025-11-06,P003,Mouse,Accessories,40,122
2025-11-07,P003,Mouse,Accessories,36,86
2025-11-08,P003,Mouse,Accessories,26,60
2025-11-09,P003,Mouse,Accessories,16,44
2025-11-10,P003,Mouse,Accessories,45,86
2025-11-11,P003,Mouse,Accessories,24,62
2025-11-12,P003,Mouse,Accessories,40,116
2025-11-13,P003,Mouse,Accessories,49,67
2025-11-14,P003,Mouse,Accessories,46,74
2025-11-15,P003,Mouse,Accessories,13,61
2025-11-16,P003,Mouse,Accessories,27,34
2025-11-17,P003,Mouse,Accessories,5,85
2025-11-18,P003,Mouse,Accessories,10,75
2025-11-19,P003,Mouse,Accessories,48,99
2025-11-20,P003,Mouse,Accessories,27,72
2025-11-21,P003,Mouse,Accessories,15,57
2025-11-22,P003,Mouse,Accessories,11,46
2025-11-23,P003,Mouse,Accessories,5,41
2025-11-24,P003,Mouse,Accessories,47,70
2025-11-25,P003,Mouse,Accessories,15,55
2025-11-26,P003,Mouse,Accessories,47,81
2025-11-27,P003,Mouse,Accessories,39,42
2025-11-28,P003,Mouse,Accessories,36,60
2025-11-29,P003,Mouse,Accessories,38,131
2025-11-30,P003,Mouse,Accessories,22,109
2025-12-01,P003,Mouse,Accessories,9,100
2025-12-02,P003,Mouse,Accessories,23,77
2025-12-03,P003,Mouse,Accessories,13,64
2025-12-04,P003,Mouse,Accessories,7,57
2025-12-05,P003,Mouse,Accessories,6,51
2025-12-06,P003,Mouse,Accessories,18,33
2025-12-07,P003,Mouse,Accessories,20,103
2025-12-08,P003,Mouse,Accessories,35,68
2025-12-09,P003,Mouse,Accessories,8,60
2025-12-10,P003,Mouse,Accessories,7,53
2025-12-11,P003,Mouse,Accessories,48,55
2025-12-12,P003,Mouse,Accessories,30,97
2025-12-13,P003,Mouse,Accessories,35,62
2025-12-14,P003,Mouse,Accessories,19,43
2025-12-15,P003,Mouse,Accessories,41,53
2025-12-16,P003,Mouse,Accessories,20,33
2025-12-17,P003,Mouse,Accessories,41,106
2025-12-18,P003,Mouse,Accessories,18,88
2025-12-19,P003,Mouse,Accessories,26,62
2025-12-20,P003,Mouse,Accessories,8,54
2025-12-21,P003,Mouse,Accessories,21,33
2025-12-22,P003,Mouse,Accessories,35,101
2025-12-23,P003,Mouse,Accessories,46,55
2025-12-24,P003,Mouse,Accessories,43,68
2025-12-25,P003,Mouse,Accessories,29,39
2025-12-26,P003,Mouse,Accessories,18,107
2025-12-27,P003,Mouse,Accessories,40,67
2025-12-28,P003,Mouse,Accessories,23,44
2025-12-29,P003,Mouse,Accessories,24,125
2025-12-30,P003,Mouse,Accessories,16,109
2025-12-31,P003,Mouse,Accessories,18,91
2025-01-01,P004,Monitor,Electronics,24,50
2025-01-02,P004,Monitor,Electronics,40,61
2025-01-03,P004,Monitor,Electronics,36,118
2025-01-04,P004,Monitor,Electronics,28,90
2025-01-05,P004,Monitor,Electronics,40,50
2025-01-06,P004,Monitor,Electronics,48,84
2025-01-07,P004,Monitor,Electronics,10,74
2025-01-08,P004,Monitor,Electronics,5,69
2025-01-09,P004,Monitor,Electronics,5,64
2025-01-10,P004,Monitor,Electronics,39,90
2025-01-11,P004,Monitor,Electronics,32,58
2025-01-12,P004,Monitor,Electronics,40,124
2025-01-13,P004,Monitor,Electronics,15,109
2025-01-14,P004,Monitor,Electronics,11,98
2025-01-15,P004,Monitor,Electronics,32,66
2025-01-16,P004,Monitor,Electronics,13,53
2025-01-17,P004,Monitor,Electronics,27,146
2025-01-18,P004,Monitor,Electronics,16,130
2025-01-19,P004,Monitor,Electronics,7,123
2025-01-20,P004,Monitor,Electronics,8,115
2025-01-21,P004,Monitor,Electronics,31,84
2025-01-22,P004,Monitor,Electronics,35,49
2025-01-23,P004,Monitor,Electronics,12,37
2025-01-24,P004,Monitor,Electronics,11,112
2025-01-25,P004,Monitor,Electronics,15,97
2025-01-26,P004,Monitor,Electronics,38,59
2025-01-27,P004,Monitor,Electronics,14,45
2025-01-28,P004,Monitor,Electronics,10,35
2025-01-29,P004,Monitor,Electronics,14,109
2025-01-30,P004,Monitor,Electronics,15,94
2025-01-31,P004,Monitor,Electronics,18,76
2025-02-01,P004,Monitor,Electronics,19,57
2025-02-02,P004,Monitor,Electronics,16,41
2025-02-03,P004,Monitor,Electronics,5,36
2025-02-04,P004,Monitor,Electronics,42,106
2025-02-05,P004,Monitor,Electronics,19,87
2025-02-06,P004,Monitor,Electronics,50,37
2025-02-07,P004,Monitor,Electronics,22,129
2025-02-08,P004,Monitor,Electronics,49,80
2025-02-09,P004,Monitor,Electronics,11,69
2025-02-10,P004,Monitor,Electronics,23,46
2025-02-11,P004,Monitor,Electronics,12,34
2025-02-12,P004,Monitor,Electronics,5,118
2025-02-13,P004,Monitor,Electronics,30,88
2025-02-14,P004,Monitor,Electronics,39,49
2025-02-15,P004,Monitor,Electronics,46,118
2025-02-16,P004,Monitor,Electronics,35,83
2025-02-17,P004,Monitor,Electronics,10,73
2025-02-18,P004,Monitor,Electronics,7,66
2025-02-19,P004,Monitor,Electronics,41,87
2025-02-20,P004,Monitor,Electronics,36,51
2025-02-21,P004,Monitor,Electronics,34,131
2025-02-22,P004,Monitor,Electronics,40,91
2025-02-23,P004,Monitor,Electronics,48,43
2025-02-24,P004,Monitor,Electronics,12,31
2025-02-25,P004,Monitor,Electronics,41,117
2025-02-26,P004,Monitor,Electronics,15,102
2025-02-27,P004,Monitor,Electronics,49,53
2025-02-28,P004,Monitor,Electronics,29,143
2025-03-01,P004,Monitor,Electronics,35,108
2025-03-02,P004,Monitor,Electronics,41,67
2025-03-03,P004,Monitor,Electronics,41,94
2025-03-04,P004,Monitor,Electronics,34,60
2025-03-05,P004,Monitor,Electronics,41,109
2025-03-06,P004,Monitor,Electronics,47,62
2025-03-07,P004,Monitor,Electronics,31,31
2025-03-08,P004,Monitor,Electronics,22,70
2025-03-09,P004,Monitor,Electronics,40,30
2025-03-10,P004,Monitor,Electronics,26,54
2025-03-11,P004,Monitor,Electronics,21,33
2025-03-12,P004,Monitor,Electronics,16,128
2025-03-13,P004,Monitor,Electronics,23,105
2025-03-14,P004,Monitor,Electronics,30,75
2025-03-15,P004,Monitor,Electronics,45,30
2025-03-16,P004,Monitor,Electronics,34,113
2025-03-17,P004,Monitor,Electronics,40,73
2025-03-18,P004,Monitor,Electronics,9,64
2025-03-19,P004,Monitor,Electronics,22,42
2025-03-20,P004,Monitor,Electronics,14,115
2025-03-21,P004,Monitor,Electronics,37,78
2025-03-22,P004,Monitor,Electronics,31,47
2025-03-23,P004,Monitor,Electronics,8,39
2025-03-24,P004,Monitor,Electronics,50,113
2025-03-25,P004,Monitor,Electronics,43,70
2025-03-26,P004,Monitor,Electronics,43,100
2025-03-27,P004,Monitor,Electronics,23,77
2025-03-28,P004,Monitor,Electronics,16,61
2025-03-29,P004,Monitor,Electronics,35,133
2025-03-30,P004,Monitor,Electronics,28,105
2025-03-31,P004,Monitor,Electronics,49,56
2025-04-01,P004,Monitor,Electronics,39,107
2025-04-02,P004,Monitor,Electronics,9,98
2025-04-03,P004,Monitor,Electronics,22,76
2025-04-04,P004,Monitor,Electronics,13,63
2025-04-05,P004,Monitor,Electronics,14,49
2025-04-06,P004,Monitor,Electronics,20,93
2025-04-07,P004,Monitor,Electronics,33,60
2025-04-08,P004,Monitor,Electronics,16,44
2025-04-09,P004,Monitor,Electronics,30,120
2025-04-10,P004,Monitor,Electronics,10,110
2025-04-11,P004,Monitor,Electronics,25,85
2025-04-12,P004,Monitor,Electronics,43,42
2025-04-13,P004,Monitor,Electronics,11,31
2025-04-14,P004,Monitor,Electronics,32,88
2025-04-15,P004,Monitor,Electronics,12,76
2025-04-16,P004,Monitor,Electronics,6,70
2025-04-17,P004,Monitor,Electronics,37,33
2025-04-18,P004,Monitor,Electronics,10,132
2025-04-19,P004,Monitor,Electronics,47,85
2025-04-20,P004,Monitor,Electronics,5,80
2025-04-21,P004,Monitor,Electronics,12,68
2025-04-22,P004,Monitor,Electronics,36,32
2025-04-23,P004,Monitor,Electronics,22,77
2025-04-24,P004,Monitor,Electronics,13,64
2025-04-25,P004,Monitor,Electronics,30,34
2025-04-26,P004,Monitor,Electronics,20,76
2025-04-27,P004,Monitor,Electronics,11,65
2025-04-28,P004,Monitor,Electronics,32,33
2025-04-29,P004,Monitor,Electronics,35,53
2025-04-30,P004,Monitor,Electronics,49,54
2025-05-01,P004,Monitor,Electronics,22,32
2025-05-02,P004,Monitor,Electronics,42,76
2025-05-03,P004,Monitor,Electronics,32,44
2025-05-04,P004,Monitor,Electronics,50,101
2025-05-05,P004,Monitor,Electronics,46,55
2025-05-06,P004,Monitor,Electronics,49,99
2025-05-07,P004,Monitor,Electronics,9,90
2025-05-08,P004,Monitor,Electronics,26,64
2025-05-09,P004,Monitor,Electronics,9,55
2025-05-10,P004,Monitor,Electronics,26,145
2025-05-11,P004,Monitor,Electronics,12,133
2025-05-12,P004,Monitor,Electronics,23,110
2025-05-13,P004,Monitor,Electronics,12,98
2025-05-14,P004,Monitor,Electronics,48,50
2025-05-15,P004,Monitor,Electronics,48,86
2025-05-16,P004,Monitor,Electronics,23,63
2025-05-17,P004,Monitor,Electronics,23,40
2025-05-18,P004,Monitor,Electronics,23,131
2025-05-19,P004,Monitor,Electronics,12,119
2025-05-20,P004,Monitor,Electronics,21,98
2025-05-21,P004,Monitor,Electronics,36,62
2025-05-22,P004,Monitor,Electronics,42,118
2025-05-23,P004,Monitor,Electronics,7,111
2025-05-24,P004,Monitor,Electronics,46,65
2025-05-25,P004,Monitor,Electronics,9,56
2025-05-26,P004,Monitor,Electronics,38,81
2025-05-27,P004,Monitor,Electronics,24,57
2025-05-28,P004,Monitor,Electronics,15,42
2025-05-29,P004,Monitor,Electronics,13,134
2025-05-30,P004,Monitor,Electronics,37,97
2025-05-31,P004,Monitor,Electronics,15,82
2025-06-01,P004,Monitor,Electronics,9,73
2025-06-02,P004,Monitor,Electronics,50,98
2025-06-03,P004,Monitor,Electronics,18,80
2025-06-04,P004,Monitor,Electronics,45,35
2025-06-05,P004,Monitor,Electronics,33,85
2025-06-06,P004,Monitor,Electronics,41,44
2025-06-07,P004,Monitor,Electronics,41,76
2025-06-08,P004,Monitor,Electronics,12,64
2025-06-09,P004,Monitor,Electronics,16,48
2025-06-10,P004,Monitor,Electronics,33,84
2025-06-11,P004,Monitor,Electronics,49,35
2025-06-12,P004,Monitor,Electronics,41,100
2025-06-13,P004,Monitor,Electronics,25,75
2025-06-14,P004,Monitor,Electronics,28,47
2025-06-15,P004,Monitor,Electronics,38,79
2025-06-16,P004,Monitor,Electronics,12,67
2025-06-17,P004,Monitor,Electronics,9,58
2025-06-18,P004,Monitor,Electronics,50,128
2025-06-19,P004,Monitor,Electronics,24,104
2025-06-20,P004,Monitor,Electronics,38,66
2025-06-21,P004,Monitor,Electronics,17,49
2025-06-22,P004,Monitor,Electronics,46,116
2025-06-23,P004,Monitor,Electronics,30,86
2025-06-24,P004,Monitor,Electronics,16,70
2025-06-25,P004,Monitor,Electronics,45,90
2025-06-26,P004,Monitor,Electronics,43,47
2025-06-27,P004,Monitor,Electronics,28,89
2025-06-28,P004,Monitor,Electronics,18,71
2025-06-29,P004,Monitor,Electronics,28,43
2025-06-30,P004,Monitor,Electronics,5,38
2025-07-01,P004,Monitor,Electronics,8,30
2025-07-02,P004,Monitor,Electronics,39,70
2025-07-03,P004,Monitor,Electronics,17,53
2025-07-04,P004,Monitor,Electronics,27,87
2025-07-05,P004,Monitor,Electronics,38,49
2025-07-06,P004,Monitor,Electronics,39,90
2025-07-07,P004,Monitor,Electronics,21,69
2025-07-08,P004,Monitor,Electronics,12,57
2025-07-09,P004,Monitor,Electronics,48,85
2025-07-10,P004,Monitor,Electronics,24,61
2025-07-11,P004,Monitor,Electronics,50,80
2025-07-12,P004,Monitor,Electronics,23,57
2025-07-13,P004,Monitor,Electronics,41,84
2025-07-14,P004,Monitor,Electronics,38,46
2025-07-15,P004,Monitor,Electronics,15,31
2025-07-16,P004,Monitor,Electronics,19,76
2025-07-17,P004,Monitor,Electronics,34,42
2025-07-18,P004,Monitor,Electronics,45,108
2025-07-19,P004,Monitor,Electronics,28,80
2025-07-20,P004,Monitor,Electronics,30,50
2025-07-21,P004,Monitor,Electronics,24,127
2025-07-22,P004,Monitor,Electronics,23,104
2025-07-23,P004,Monitor,Electronics,13,91
2025-07-24,P004,Monitor,Electronics,6,85
2025-07-25,P004,Monitor,Electronics,10,75
2025-07-26,P004,Monitor,Electronics,12,63
2025-07-27,P004,Monitor,Electronics,17,46
2025-07-28,P004,Monitor,Electronics,9,37
2025-07-29,P004,Monitor,Electronics,13,111
2025-07-30,P004,Monitor,Electronics,10,101
2025-07-31,P004,Monitor,Electronics,8,93
2025-08-01,P004,Monitor,Electronics,20,73
2025-08-02,P004,Monitor,Electronics,36,37
2025-08-03,P004,Monitor,Electronics,5,32
2025-08-04,P004,Monitor,Electronics,46,70
2025-08-05,P004,Monitor,Electronics,37,33
2025-08-06,P004,Monitor,Electronics,10,132
2025-08-07,P004,Monitor,Electronics,25,107
2025-08-08,P004,Monitor,Electronics,9,98
2025-08-09,P004,Monitor,Electronics,25,73
2025-08-10,P004,Monitor,Electronics,32,41
2025-08-11,P004,Monitor,Electronics,28,126
2025-08-12,P004,Monitor,Electronics,20,106
2025-08-13,P004,Monitor,Electronics,30,76
2025-08-14,P004,Monitor,Electronics,19,57
2025-08-15,P004,Monitor,Electronics,44,69
2025-08-16,P004,Monitor,Electronics,42,122
2025-08-17,P004,Monitor,Electronics,20,102
2025-08-18,P004,Monitor,Electronics,8,94
2025-08-19,P004,Monitor,Electronics,24,70
2025-08-20,P004,Monitor,Electronics,14,56
2025-08-21,P004,Monitor,Electronics,45,92
2025-08-22,P004,Monitor,Electronics,22,70
2025-08-23,P004,Monitor,Electronics,14,56
2025-08-24,P004,Monitor,Electronics,36,122
2025-08-25,P004,Monitor,Electronics,45,77
2025-08-26,P004,Monitor,Electronics,33,44
2025-08-27,P004,Monitor,Electronics,28,121
2025-08-28,P004,Monitor,Electronics,45,76
2025-08-29,P004,Monitor,Electronics,31,45
2025-08-30,P004,Monitor,Electronics,34,118
2025-08-31,P004,Monitor,Electronics,46,72
2025-09-01,P004,Monitor,Electronics,24,48
2025-09-02,P004,Monitor,Electronics,37,109
2025-09-03,P004,Monitor,Electronics,50,59
2025-09-04,P004,Monitor,Electronics,14,45
2025-09-05,P004,Monitor,Electronics,6,39
2025-09-06,P004,Monitor,Electronics,49,118
2025-09-07,P004,Monitor,Electronics,17,101
2025-09-08,P004,Monitor,Electronics,32,69
2025-09-09,P004,Monitor,Electronics,14,55
2025-09-10,P004,Monitor,Electronics,48,100
2025-09-11,P004,Monitor,Electronics,10,90
2025-09-12,P004,Monitor,Electronics,17,73
2025-09-13,P004,Monitor,Electronics,26,47
2025-09-14,P004,Monitor,Electronics,41,93
2025-09-15,P004,Monitor,Electronics,35,58
2025-09-16,P004,Monitor,Electronics,9,49
2025-09-17,P004,Monitor,Electronics,6,43
2025-09-18,P004,Monitor,Electronics,10,33
2025-09-19,P004,Monitor,Electronics,13,140
2025-09-20,P004,Monitor,Electronics,17,123
2025-09-21,P004,Monitor,Electronics,30,93
2025-09-22,P004,Monitor,Electronics,34,59
2025-09-23,P004,Monitor,Electronics,19,40
2025-09-24,P004,Monitor,Electronics,12,139
2025-09-25,P004,Monitor,Electronics,48,91
2025-09-26,P004,Monitor,Electronics,22,69
2025-09-27,P004,Monitor,Electronics,46,98
2025-09-28,P004,Monitor,Electronics,37,61
2025-09-29,P004,Monitor,Electronics,12,49
2025-09-30,P004,Monitor,Electronics,26,108
2025-10-01,P004,Monitor,Electronics,37,71
2025-10-02,P004,Monitor,Electronics,19,52
2025-10-03,P004,Monitor,Electronics,29,107
2025-10-04,P004,Monitor,Electronics,11,96
2025-10-05,P004,Monitor,Electronics,48,48
2025-10-06,P004,Monitor,Electronics,26,80
2025-10-07,P004,Monitor,Electronics,45,35
2025-10-08,P004,Monitor,Electronics,14,84
2025-10-09,P004,Monitor,Electronics,46,38
2025-10-10,P004,Monitor,Electronics,22,80
2025-10-11,P004,Monitor,Electronics,50,30
2025-10-12,P004,Monitor,Electronics,6,115
2025-10-13,P004,Monitor,Electronics,31,84
2025-10-14,P004,Monitor,Electronics,44,40
2025-10-15,P004,Monitor,Electronics,23,108
2025-10-16,P004,Monitor,Electronics,7,101
2025-10-17,P004,Monitor,Electronics,14,87
2025-10-18,P004,Monitor,Electronics,34,53
2025-10-19,P004,Monitor,Electronics,35,122
2025-10-20,P004,Monitor,Electronics,10,112
2025-10-21,P004,Monitor,Electronics,36,76
2025-10-22,P004,Monitor,Electronics,27,49
2025-10-23,P004,Monitor,Electronics,39,89
2025-10-24,P004,Monitor,Electronics,6,83
2025-10-25,P004,Monitor,Electronics,41,42
2025-10-26,P004,Monitor,Electronics,20,116
2025-10-27,P004,Monitor,Electronics,7,109
2025-10-28,P004,Monitor,Electronics,10,99
2025-10-29,P004,Monitor,Electronics,34,65
2025-10-30,P004,Monitor,Electronics,12,53
2025-10-31,P004,Monitor,Electronics,23,30
2025-11-01,P004,Monitor,Electronics,44,55
2025-11-02,P004,Monitor,Electronics,49,117
2025-11-03,P004,Monitor,Electronics,12,105
2025-11-04,P004,Monitor,Electronics,40,65
2025-11-05,P004,Monitor,Electronics,31,34
2025-11-06,P004,Monitor,Electronics,16,92
2025-11-07,P004,Monitor,Electronics,7,85
2025-11-08,P004,Monitor,Electronics,31,54
2025-11-09,P004,Monitor,Electronics,16,38
2025-11-10,P004,Monitor,Electronics,33,67
2025-11-11,P004,Monitor,Electronics,48,108
2025-11-12,P004,Monitor,Electronics,20,88
2025-11-13,P004,Monitor,Electronics,20,68
2025-11-14,P004,Monitor,Electronics,13,55
2025-11-15,P004,Monitor,Electronics,7,48
2025-11-16,P004,Monitor,Electronics,9,39
2025-11-17,P004,Monitor,Electronics,46,109
2025-11-18,P004,Monitor,Electronics,19,90
2025-11-19,P004,Monitor,Electronics,15,75
2025-11-20,P004,Monitor,Electronics,44,31
2025-11-21,P004,Monitor,Electronics,13,114
2025-11-22,P004,Monitor,Electronics,40,74
2025-11-23,P004,Monitor,Electronics,37,37
2025-11-24,P004,Monitor,Electronics,33,114
2025-11-25,P004,Monitor,Electronics,26,88
2025-11-26,P004,Monitor,Electronics,30,58
2025-11-27,P004,Monitor,Electronics,31,143
2025-11-28,P004,Monitor,Electronics,34,109
2025-11-29,P004,Monitor,Electronics,44,65
2025-11-30,P004,Monitor,Electronics,48,85
2025-12-01,P004,Monitor,Electronics,16,69
2025-12-02,P004,Monitor,Electronics,20,49
2025-12-03,P004,Monitor,Electronics,14,35
2025-12-04,P004,Monitor,Electronics,23,71
2025-12-05,P004,Monitor,Electronics,23,48
2025-12-06,P004,Monitor,Electronics,23,131
2025-12-07,P004,Monitor,Electronics,9,122
2025-12-08,P004,Monitor,Electronics,35,87
2025-12-09,P004,Monitor,Electronics,37,50
2025-12-10,P004,Monitor,Electronics,7,43
2025-12-11,P004,Monitor,Electronics,38,80
2025-12-12,P004,Monitor,Electronics,7,73
2025-12-13,P004,Monitor,Electronics,29,44
2025-12-14,P004,Monitor,Electronics,6,38
2025-12-15,P004,Monitor,Electronics,40,57
2025-12-16,P004,Monitor,Electronics,42,126
2025-12-17,P004,Monitor,Electronics,8,118
2025-12-18,P004,Monitor,Electronics,44,74
2025-12-19,P004,Monitor,Electronics,48,104
2025-12-20,P004,Monitor,Electronics,18,86
2025-12-21,P004,Monitor,Electronics,46,40
2025-12-22,P004,Monitor,Electronics,35,89
2025-12-23,P004,Monitor,Electronics,40,49
2025-12-24,P004,Monitor,Electronics,27,106
2025-12-25,P004,Monitor,Electronics,32,74
2025-12-26,P004,Monitor,Electronics,18,56
2025-12-27,P004,Monitor,Electronics,46,112
2025-12-28,P004,Monitor,Electronics,11,101
2025-12-29,P004,Monitor,Electronics,48,53
2025-12-30,P004,Monitor,Electronics,21,32
2025-12-31,P004,Monitor,Electronics,12,134
2025-01-01,P005,Printer,Electronics,27,70
2025-01-02,P005,Printer,Electronics,11,59
2025-01-03,P005,Printer,Electronics,36,136
2025-01-04,P005,Printer,Electronics,10,126
2025-01-05,P005,Printer,Electronics,21,105
2025-01-06,P005,Printer,Electronics,20,85
2025-01-07,P005,Printer,Electronics,20,65
2025-01-08,P005,Printer,Electronics,42,114
2025-01-09,P005,Printer,Electronics,43,71
2025-01-10,P005,Printer,Electronics,48,92
2025-01-11,P005,Printer,Electronics,49,43
2025-01-12,P005,Printer,Electronics,32,107
2025-01-13,P005,Printer,Electronics,17,90
2025-01-14,P005,Printer,Electronics,5,85
2025-01-15,P005,Printer,Electronics,50,35
2025-01-16,P005,Printer,Electronics,34,79
2025-01-17,P005,Printer,Electronics,6,73
2025-01-18,P005,Printer,Electronics,13,60
2025-01-19,P005,Printer,Electronics,26,34
2025-01-20,P005,Printer,Electronics,31,54
2025-01-21,P005,Printer,Electronics,7,47
2025-01-22,P005,Printer,Electronics,6,41
2025-01-23,P005,Printer,Electronics,44,69
2025-01-24,P005,Printer,Electronics,46,95
2025-01-25,P005,Printer,Electronics,13,82
2025-01-26,P005,Printer,Electronics,38,44
2025-01-27,P005,Printer,Electronics,9,35
2025-01-28,P005,Printer,Electronics,49,72
2025-01-29,P005,Printer,Electronics,6,66
2025-01-30,P005,Printer,Electronics,14,52
2025-01-31,P005,Printer,Electronics,42,84
2025-02-01,P005,Printer,Electronics,8,76
2025-02-02,P005,Printer,Electronics,50,119
2025-02-03,P005,Printer,Electronics,27,92
2025-02-04,P005,Printer,Electronics,35,57
2025-02-05,P005,Printer,Electronics,47,75
2025-02-06,P005,Printer,Electronics,11,64
2025-02-07,P005,Printer,Electronics,21,43
2025-02-08,P005,Printer,Electronics,15,81
2025-02-09,P005,Printer,Electronics,46,35
2025-02-10,P005,Printer,Electronics,10,126
2025-02-11,P005,Printer,Electronics,33,93
2025-02-12,P005,Printer,Electronics,30,63
2025-02-13,P005,Printer,Electronics,21,42
2025-02-14,P005,Printer,Electronics,44,117
2025-02-15,P005,Printer,Electronics,21,96
2025-02-16,P005,Printer,Electronics,14,82
2025-02-17,P005,Printer,Electronics,12,70
2025-02-18,P005,Printer,Electronics,47,130
2025-02-19,P005,Printer,Electronics,6,124
2025-02-20,P005,Printer,Electronics,29,95
2025-02-21,P005,Printer,Electronics,43,52
2025-02-22,P005,Printer,Electronics,30,101
2025-02-23,P005,Printer,Electronics,21,80
2025-02-24,P005,Printer,Electronics,15,65
2025-02-25,P005,Printer,Electronics,24,41
2025-02-26,P005,Printer,Electronics,25,112
2025-02-27,P005,Printer,Electronics,23,89
2025-02-28,P005,Printer,Electronics,35,54
2025-03-01,P005,Printer,Electronics,18,36
2025-03-02,P005,Printer,Electronics,17,95
2025-03-03,P005,Printer,Electronics,17,78
2025-03-04,P005,Printer,Electronics,7,71
2025-03-05,P005,Printer,Electronics,6,65
2025-03-06,P005,Printer,Electronics,12,53
2025-03-07,P005,Printer,Electronics,47,122
2025-03-08,P005,Printer,Electronics,8,114
2025-03-09,P005,Printer,Electronics,33,81
2025-03-10,P005,Printer,Electronics,30,51
2025-03-11,P005,Printer,Electronics,35,136
2025-03-12,P005,Printer,Electronics,46,90
2025-03-13,P005,Printer,Electronics,33,57
2025-03-14,P005,Printer,Electronics,8,49
2025-03-15,P005,Printer,Electronics,26,86
2025-03-16,P005,Printer,Electronics,48,38
2025-03-17,P005,Printer,Electronics,25,67
2025-03-18,P005,Printer,Electronics,21,46
2025-03-19,P005,Printer,Electronics,34,63
2025-03-20,P005,Printer,Electronics,48,122
2025-03-21,P005,Printer,Electronics,35,87
2025-03-22,P005,Printer,Electronics,45,42
2025-03-23,P005,Printer,Electronics,26,89
2025-03-24,P005,Printer,Electronics,14,75
2025-03-25,P005,Printer,Electronics,35,40
2025-03-26,P005,Printer,Electronics,34,109
2025-03-27,P005,Printer,Electronics,8,101
2025-03-28,P005,Printer,Electronics,42,59
2025-03-29,P005,Printer,Electronics,16,43
2025-03-30,P005,Printer,Electronics,9,34
2025-03-31,P005,Printer,Electronics,17,127
2025-04-01,P005,Printer,Electronics,41,86
2025-04-02,P005,Printer,Electronics,47,39
2025-04-03,P005,Printer,Electronics,50,61
2025-04-04,P005,Printer,Electronics,18,43
2025-04-05,P005,Printer,Electronics,28,66
2025-04-06,P005,Printer,Electronics,41,130
2025-04-07,P005,Printer,Electronics,46,84
2025-04-08,P005,Printer,Electronics,19,65
2025-04-09,P005,Printer,Electronics,39,83
2025-04-10,P005,Printer,Electronics,36,47
2025-04-11,P005,Printer,Electronics,11,36
2025-04-12,P005,Printer,Electronics,18,109
2025-04-13,P005,Printer,Electronics,20,89
2025-04-14,P005,Printer,Electronics,38,51
2025-04-15,P005,Printer,Electronics,39,67
2025-04-16,P005,Printer,Electronics,45,73
2025-04-17,P005,Printer,Electronics,6,67
2025-04-18,P005,Printer,Electronics,39,142
2025-04-19,P005,Printer,Electronics,5,137
2025-04-20,P005,Printer,Electronics,34,103
2025-04-21,P005,Printer,Electronics,45,58
2025-04-22,P005,Printer,Electronics,44,84
2025-04-23,P005,Printer,Electronics,32,52
2025-04-24,P005,Printer,Electronics,15,37
2025-04-25,P005,Printer,Electronics,7,30
2025-04-26,P005,Printer,Electronics,39,82
2025-04-27,P005,Printer,Electronics,50,32
2025-04-28,P005,Printer,Electronics,31,62
2025-04-29,P005,Printer,Electronics,49,82
2025-04-30,P005,Printer,Electronics,39,43
2025-05-01,P005,Printer,Electronics,37,123
2025-05-02,P005,Printer,Electronics,5,118
2025-05-03,P005,Printer,Electronics,48,70
2025-05-04,P005,Printer,Electronics,17,53
2025-05-05,P005,Printer,Electronics,34,123
2025-05-06,P005,Printer,Electronics,24,99
2025-05-07,P005,Printer,Electronics,50,49
2025-05-08,P005,Printer,Electronics,24,139
2025-05-09,P005,Printer,Electronics,39,100
2025-05-10,P005,Printer,Electronics,38,62
2025-05-11,P005,Printer,Electronics,21,41
2025-05-12,P005,Printer,Electronics,29,81
2025-05-13,P005,Printer,Electronics,38,43
2025-05-14,P005,Printer,Electronics,35,98
2025-05-15,P005,Printer,Electronics,31,67
2025-05-16,P005,Printer,Electronics,21,46
2025-05-17,P005,Printer,Electronics,49,80
2025-05-18,P005,Printer,Electronics,44,36
2025-05-19,P005,Printer,Electronics,26,77
2025-05-20,P005,Printer,Electronics,36,41
2025-05-21,P005,Printer,Electronics,39,87
2025-05-22,P005,Printer,Electronics,25,62
2025-05-23,P005,Printer,Electronics,11,51
2025-05-24,P005,Printer,Electronics,8,43
2025-05-25,P005,Printer,Electronics,26,118
2025-05-26,P005,Printer,Electronics,37,81
2025-05-27,P005,Printer,Electronics,45,36
2025-05-28,P005,Printer,Electronics,17,77
2025-05-29,P005,Printer,Electronics,8,69
2025-05-30,P005,Printer,Electronics,17,52
2025-05-31,P005,Printer,Electronics,26,85
2025-06-01,P005,Printer,Electronics,29,56
2025-06-02,P005,Printer,Electronics,50,56
2025-06-03,P005,Printer,Electronics,47,74
2025-06-04,P005,Printer,Electronics,46,99
2025-06-05,P005,Printer,Electronics,6,93
2025-06-06,P005,Printer,Electronics,27,66
2025-06-07,P005,Printer,Electronics,45,86
2025-06-08,P005,Printer,Electronics,24,62
2025-06-09,P005,Printer,Electronics,9,53
2025-06-10,P005,Printer,Electronics,35,81
2025-06-11,P005,Printer,Electronics,14,67
2025-06-12,P005,Printer,Electronics,34,33
2025-06-13,P005,Printer,Electronics,14,118
2025-06-14,P005,Printer,Electronics,49,69
2025-06-15,P005,Printer,Electronics,43,105
2025-06-16,P005,Printer,Electronics,30,75
2025-06-17,P005,Printer,Electronics,33,42
2025-06-18,P005,Printer,Electronics,49,83
2025-06-19,P005,Printer,Electronics,19,64
2025-06-20,P005,Printer,Electronics,19,45
2025-06-21,P005,Printer,Electronics,48,105
2025-06-22,P005,Printer,Electronics,13,92
2025-06-23,P005,Printer,Electronics,15,77
2025-06-24,P005,Printer,Electronics,47,30
2025-06-25,P005,Printer,Electronics,50,97
2025-06-26,P005,Printer,Electronics,6,91
2025-06-27,P005,Printer,Electronics,36,55
2025-06-28,P005,Printer,Electronics,15,40
2025-06-29,P005,Printer,Electronics,31,91
2025-06-30,P005,Printer,Electronics,30,61
2025-07-01,P005,Printer,Electronics,28,33
2025-07-02,P005,Printer,Electronics,7,90
2025-07-03,P005,Printer,Electronics,7,83
2025-07-04,P005,Printer,Electronics,44,39
2025-07-05,P005,Printer,Electronics,24,119
2025-07-06,P005,Printer,Electronics,43,76
2025-07-07,P005,Printer,Electronics,31,45
2025-07-08,P005,Printer,Electronics,21,79
2025-07-09,P005,Printer,Electronics,16,63
2025-07-10,P005,Printer,Electronics,16,47
2025-07-11,P005,Printer,Electronics,22,79
2025-07-12,P005,Printer,Electronics,10,69
2025-07-13,P005,Printer,Electronics,27,42
2025-07-14,P005,Printer,Electronics,5,37
2025-07-15,P005,Printer,Electronics,6,31
2025-07-16,P005,Printer,Electronics,28,100
2025-07-17,P005,Printer,Electronics,5,95
2025-07-18,P005,Printer,Electronics,23,72
2025-07-19,P005,Printer,Electronics,20,52
2025-07-20,P005,Printer,Electronics,49,101
2025-07-21,P005,Printer,Electronics,15,86
2025-07-22,P005,Printer,Electronics,13,73
2025-07-23,P005,Printer,Electronics,22,51
2025-07-24,P005,Printer,Electronics,14,37
2025-07-25,P005,Printer,Electronics,22,68
2025-07-26,P005,Printer,Electronics,47,81
2025-07-27,P005,Printer,Electronics,10,71
2025-07-28,P005,Printer,Electronics,32,39
2025-07-29,P005,Printer,Electronics,47,99
2025-07-30,P005,Printer,Electronics,17,82
2025-07-31,P005,Printer,Electronics,19,63
2025-08-01,P005,Printer,Electronics,13,50
2025-08-02,P005,Printer,Electronics,46,108
2025-08-03,P005,Printer,Electronics,41,67
2025-08-04,P005,Printer,Electronics,12,55
2025-08-05,P005,Printer,Electronics,15,40
2025-08-06,P005,Printer,Electronics,25,96
2025-08-07,P005,Printer,Electronics,38,58
2025-08-08,P005,Printer,Electronics,8,50
2025-08-09,P005,Printer,Electronics,15,35
2025-08-10,P005,Printer,Electronics,49,110
2025-08-11,P005,Printer,Electronics,47,63
2025-08-12,P005,Printer,Electronics,49,132
2025-08-13,P005,Printer,Electronics,21,111
2025-08-14,P005,Printer,Electronics,31,80
2025-08-15,P005,Printer,Electronics,8,72
2025-08-16,P005,Printer,Electronics,41,31
2025-08-17,P005,Printer,Electronics,40,55
2025-08-18,P005,Printer,Electronics,6,49
2025-08-19,P005,Printer,Electronics,44,123
2025-08-20,P005,Printer,Electronics,33,90
2025-08-21,P005,Printer,Electronics,7,83
2025-08-22,P005,Printer,Electronics,48,35
2025-08-23,P005,Printer,Electronics,10,84
2025-08-24,P005,Printer,Electronics,19,65
2025-08-25,P005,Printer,Electronics,39,116
2025-08-26,P005,Printer,Electronics,20,96
2025-08-27,P005,Printer,Electronics,45,51
2025-08-28,P005,Printer,Electronics,25,122
2025-08-29,P005,Printer,Electronics,50,72
2025-08-30,P005,Printer,Electronics,50,73
2025-08-31,P005,Printer,Electronics,27,46
2025-09-01,P005,Printer,Electronics,18,134
2025-09-02,P005,Printer,Electronics,21,113
2025-09-03,P005,Printer,Electronics,44,69
2025-09-04,P005,Printer,Electronics,34,35
2025-09-05,P005,Printer,Electronics,9,137
2025-09-06,P005,Printer,Electronics,49,88
2025-09-07,P005,Printer,Electronics,17,71
2025-09-08,P005,Printer,Electronics,19,52
2025-09-09,P005,Printer,Electronics,30,83
2025-09-10,P005,Printer,Electronics,7,76
2025-09-11,P005,Printer,Electronics,22,54
2025-09-12,P005,Printer,Electronics,23,31
2025-09-13,P005,Printer,Electronics,35,71
2025-09-14,P005,Printer,Electronics,39,32
2025-09-15,P005,Printer,Electronics,41,90
2025-09-16,P005,Printer,Electronics,32,58
2025-09-17,P005,Printer,Electronics,27,31
2025-09-18,P005,Printer,Electronics,16,134
2025-09-19,P005,Printer,Electronics,29,105
2025-09-20,P005,Printer,Electronics,43,62
2025-09-21,P005,Printer,Electronics,35,126
2025-09-22,P005,Printer,Electronics,36,90
2025-09-23,P005,Printer,Electronics,10,80
2025-09-24,P005,Printer,Electronics,38,42
2025-09-25,P005,Printer,Electronics,17,120
2025-09-26,P005,Printer,Electronics,30,90
2025-09-27,P005,Printer,Electronics,42,48
2025-09-28,P005,Printer,Electronics,11,37
2025-09-29,P005,Printer,Electronics,43,113
2025-09-30,P005,Printer,Electronics,13,100
2025-10-01,P005,Printer,Electronics,19,81
2025-10-02,P005,Printer,Electronics,25,56
2025-10-03,P005,Printer,Electronics,18,38
2025-10-04,P005,Printer,Electronics,10,92
2025-10-05,P005,Printer,Electronics,20,72
2025-10-06,P005,Printer,Electronics,28,44
2025-10-07,P005,Printer,Electronics,5,39
2025-10-08,P005,Printer,Electronics,8,31
2025-10-09,P005,Printer,Electronics,22,114
2025-10-10,P005,Printer,Electronics,33,81
2025-10-11,P005,Printer,Electronics,30,51
2025-10-12,P005,Printer,Electronics,20,31
2025-10-13,P005,Printer,Electronics,17,110
2025-10-14,P005,Printer,Electronics,48,62
2025-10-15,P005,Printer,Electronics,7,55
2025-10-16,P005,Printer,Electronics,10,45
2025-10-17,P005,Printer,Electronics,47,91
2025-10-18,P005,Printer,Electronics,13,78
2025-10-19,P005,Printer,Electronics,38,40
2025-10-20,P005,Printer,Electronics,10,30
2025-10-21,P005,Printer,Electronics,17,96
2025-10-22,P005,Printer,Electronics,42,54
2025-10-23,P005,Printer,Electronics,10,44
2025-10-24,P005,Printer,Electronics,49,62
2025-10-25,P005,Printer,Electronics,7,55
2025-10-26,P005,Printer,Electronics,45,65
2025-10-27,P005,Printer,Electronics,16,49
2025-10-28,P005,Printer,Electronics,18,31
2025-10-29,P005,Printer,Electronics,48,93
2025-10-30,P005,Printer,Electronics,46,47
2025-10-31,P005,Printer,Electronics,30,75
2025-11-01,P005,Printer,Electronics,25,50
2025-11-02,P005,Printer,Electronics,35,114
2025-11-03,P005,Printer,Electronics,10,104
2025-11-04,P005,Printer,Electronics,10,94
2025-11-05,P005,Printer,Electronics,6,88
2025-11-06,P005,Printer,Electronics,34,54
2025-11-07,P005,Printer,Electronics,16,38
2025-11-08,P005,Printer,Electronics,10,91
2025-11-09,P005,Printer,Electronics,34,57
2025-11-10,P005,Printer,Electronics,16,41
2025-11-11,P005,Printer,Electronics,24,112
2025-11-12,P005,Printer,Electronics,49,63
2025-11-13,P005,Printer,Electronics,8,55
2025-11-14,P005,Printer,Electronics,17,38
2025-11-15,P005,Printer,Electronics,44,77
2025-11-16,P005,Printer,Electronics,33,44
2025-11-17,P005,Printer,Electronics,30,75
2025-11-18,P005,Printer,Electronics,49,133
2025-11-19,P005,Printer,Electronics,25,108
2025-11-20,P005,Printer,Electronics,46,62
2025-11-21,P005,Printer,Electronics,28,34
2025-11-22,P005,Printer,Electronics,46,91
2025-11-23,P005,Printer,Electronics,33,58
2025-11-24,P005,Printer,Electronics,7,51
2025-11-25,P005,Printer,Electronics,44,60
2025-11-26,P005,Printer,Electronics,28,32
2025-11-27,P005,Printer,Electronics,12,92
2025-11-28,P005,Printer,Electronics,36,56
2025-11-29,P005,Printer,Electronics,9,47
2025-11-30,P005,Printer,Electronics,44,58
2025-12-01,P005,Printer,Electronics,22,36
2025-12-02,P005,Printer,Electronics,14,114
2025-12-03,P005,Printer,Electronics,26,88
2025-12-04,P005,Printer,Electronics,15,73
2025-12-05,P005,Printer,Electronics,25,48
2025-12-06,P005,Printer,Electronics,8,40
2025-12-07,P005,Printer,Electronics,45,99
2025-12-08,P005,Printer,Electronics,49,50
2025-12-09,P005,Printer,Electronics,26,112
2025-12-10,P005,Printer,Electronics,33,79
2025-12-11,P005,Printer,Electronics,22,57
2025-12-12,P005,Printer,Electronics,35,92
2025-12-13,P005,Printer,Electronics,6,86
2025-12-14,P005,Printer,Electronics,21,65
2025-12-15,P005,Printer,Electronics,10,55
2025-12-16,P005,Printer,Electronics,30,76
2025-12-17,P005,Printer,Electronics,37,39
2025-12-18,P005,Printer,Electronics,47,66
2025-12-19,P005,Printer,Electronics,34,32
2025-12-20,P005,Printer,Electronics,41,106
2025-12-21,P005,Printer,Electronics,18,88
2025-12-22,P005,Printer,Electronics,10,78
2025-12-23,P005,Printer,Electronics,33,45
2025-12-24,P005,Printer,Electronics,31,85
2025-12-25,P005,Printer,Electronics,15,70
2025-12-26,P005,Printer,Electronics,18,52
2025-12-27,P005,Printer,Electronics,29,134
2025-12-28,P005,Printer,Electronics,16,118
2025-12-29,P005,Printer,Electronics,28,90
2025-12-30,P005,Printer,Electronics,7,83
2025-12-31,P005,Printer,Electronics,6,77
2025-01-01,P006,Headphones,Accessories,43,55
2025-01-02,P006,Headphones,Accessories,44,91
2025-01-03,P006,Headphones,Accessories,31,60
2025-01-04,P006,Headphones,Accessories,22,38
2025-01-05,P006,Headphones,Accessories,15,97
2025-01-06,P006,Headphones,Accessories,31,66
2025-01-07,P006,Headphones,Accessories,21,45
2025-01-08,P006,Headphones,Accessories,25,123
2025-01-09,P006,Headphones,Accessories,9,114
2025-01-10,P006,Headphones,Accessories,41,73
2025-01-11,P006,Headphones,Accessories,20,53
2025-01-12,P006,Headphones,Accessories,11,42
2025-01-13,P006,Headphones,Accessories,47,50
2025-01-14,P006,Headphones,Accessories,9,41
2025-01-15,P006,Headphones,Accessories,20,82
2025-01-16,P006,Headphones,Accessories,38,44
2025-01-17,P006,Headphones,Accessories,43,61
2025-01-18,P006,Headphones,Accessories,25,36
2025-01-19,P006,Headphones,Accessories,46,78
2025-01-20,P006,Headphones,Accessories,27,51
2025-01-21,P006,Headphones,Accessories,17,34
2025-01-22,P006,Headphones,Accessories,25,114
2025-01-23,P006,Headphones,Accessories,11,103
2025-01-24,P006,Headphones,Accessories,37,66
2025-01-25,P006,Headphones,Accessories,14,52
2025-01-26,P006,Headphones,Accessories,20,32
2025-01-27,P006,Headphones,Accessories,25,115
2025-01-28,P006,Headphones,Accessories,14,101
2025-01-29,P006,Headphones,Accessories,39,62
2025-01-30,P006,Headphones,Accessories,26,36
2025-01-31,P006,Headphones,Accessories,16,100
2025-02-01,P006,Headphones,Accessories,7,93
2025-02-02,P006,Headphones,Accessories,50,43
2025-02-03,P006,Headphones,Accessories,37,84
2025-02-04,P006,Headphones,Accessories,38,46
2025-02-05,P006,Headphones,Accessories,11,35
2025-02-06,P006,Headphones,Accessories,13,73
2025-02-07,P006,Headphones,Accessories,28,45
2025-02-08,P006,Headphones,Accessories,21,107
2025-02-09,P006,Headphones,Accessories,49,58
2025-02-10,P006,Headphones,Accessories,48,92
2025-02-11,P006,Headphones,Accessories,15,77
2025-02-12,P006,Headphones,Accessories,11,66
2025-02-13,P006,Headphones,Accessories,39,113
2025-02-14,P006,Headphones,Accessories,5,108
2025-02-15,P006,Headphones,Accessories,16,92
2025-02-16,P006,Headphones,Accessories,37,55
2025-02-17,P006,Headphones,Accessories,28,147
2025-02-18,P006,Headphones,Accessories,36,111
2025-02-19,P006,Headphones,Accessories,50,61
2025-02-20,P006,Headphones,Accessories,15,46
2025-02-21,P006,Headphones,Accessories,6,40
2025-02-22,P006,Headphones,Accessories,45,86
2025-02-23,P006,Headphones,Accessories,25,61
2025-02-24,P006,Headphones,Accessories,31,30
2025-02-25,P006,Headphones,Accessories,10,72
2025-02-26,P006,Headphones,Accessories,13,59
2025-02-27,P006,Headphones,Accessories,30,115
2025-02-28,P006,Headphones,Accessories,20,95
2025-03-01,P006,Headphones,Accessories,23,72
2025-03-02,P006,Headphones,Accessories,23,49
2025-03-03,P006,Headphones,Accessories,14,35
2025-03-04,P006,Headphones,Accessories,30,65
2025-03-05,P006,Headphones,Accessories,14,51
2025-03-06,P006,Headphones,Accessories,31,108
2025-03-07,P006,Headphones,Accessories,26,82
2025-03-08,P006,Headphones,Accessories,40,42
2025-03-09,P006,Headphones,Accessories,41,95
2025-03-10,P006,Headphones,Accessories,24,71
2025-03-11,P006,Headphones,Accessories,9,62
2025-03-12,P006,Headphones,Accessories,47,106
2025-03-13,P006,Headphones,Accessories,12,94
2025-03-14,P006,Headphones,Accessories,27,67
2025-03-15,P006,Headphones,Accessories,42,132
2025-03-16,P006,Headphones,Accessories,45,87
2025-03-17,P006,Headphones,Accessories,43,44
2025-03-18,P006,Headphones,Accessories,10,34
2025-03-19,P006,Headphones,Accessories,12,103
2025-03-20,P006,Headphones,Accessories,6,97
2025-03-21,P006,Headphones,Accessories,10,87
2025-03-22,P006,Headphones,Accessories,34,53
2025-03-23,P006,Headphones,Accessories,19,34
2025-03-24,P006,Headphones,Accessories,45,114
2025-03-25,P006,Headphones,Accessories,36,78
2025-03-26,P006,Headphones,Accessories,7,71
2025-03-27,P006,Headphones,Accessories,23,48
2025-03-28,P006,Headphones,Accessories,18,30
2025-03-29,P006,Headphones,Accessories,47,57
2025-03-30,P006,Headphones,Accessories,28,121
2025-03-31,P006,Headphones,Accessories,43,78
2025-04-01,P006,Headphones,Accessories,8,70
2025-04-02,P006,Headphones,Accessories,37,33
2025-04-03,P006,Headphones,Accessories,23,117
2025-04-04,P006,Headphones,Accessories,20,97
2025-04-05,P006,Headphones,Accessories,27,70
2025-04-06,P006,Headphones,Accessories,33,37
2025-04-07,P006,Headphones,Accessories,45,105
2025-04-08,P006,Headphones,Accessories,19,86
2025-04-09,P006,Headphones,Accessories,46,40
2025-04-10,P006,Headphones,Accessories,16,96
2025-04-11,P006,Headphones,Accessories,35,61
2025-04-12,P006,Headphones,Accessories,13,48
2025-04-13,P006,Headphones,Accessories,20,119
2025-04-14,P006,Headphones,Accessories,13,106
2025-04-15,P006,Headphones,Accessories,5,101
2025-04-16,P006,Headphones,Accessories,37,64
2025-04-17,P006,Headphones,Accessories,40,142
2025-04-18,P006,Headphones,Accessories,37,105
2025-04-19,P006,Headphones,Accessories,18,87
2025-04-20,P006,Headphones,Accessories,17,70
2025-04-21,P006,Headphones,Accessories,40,30
2025-04-22,P006,Headphones,Accessories,6,91
2025-04-23,P006,Headphones,Accessories,8,83
2025-04-24,P006,Headphones,Accessories,48,35
2025-04-25,P006,Headphones,Accessories,34,96
2025-04-26,P006,Headphones,Accessories,26,70
2025-04-27,P006,Headphones,Accessories,12,58
2025-04-28,P006,Headphones,Accessories,29,104
2025-04-29,P006,Headphones,Accessories,29,75
2025-04-30,P006,Headphones,Accessories,16,59
2025-05-01,P006,Headphones,Accessories,14,45
2025-05-02,P006,Headphones,Accessories,11,34
2025-05-03,P006,Headphones,Accessories,45,83
2025-05-04,P006,Headphones,Accessories,24,59
2025-05-05,P006,Headphones,Accessories,34,136
2025-05-06,P006,Headphones,Accessories,8,128
2025-05-07,P006,Headphones,Accessories,46,82
2025-05-08,P006,Headphones,Accessories,38,44
2025-05-09,P006,Headphones,Accessories,28,131
2025-05-10,P006,Headphones,Accessories,26,105
2025-05-11,P006,Headphones,Accessories,14,91
2025-05-12,P006,Headphones,Accessories,17,74
2025-05-13,P006,Headphones,Accessories,34,40
2025-05-14,P006,Headphones,Accessories,19,137
2025-05-15,P006,Headphones,Accessories,20,117
2025-05-16,P006,Headphones,Accessories,46,71
2025-05-17,P006,Headphones,Accessories,11,60
2025-05-18,P006,Headphones,Accessories,35,88
2025-05-19,P006,Headphones,Accessories,48,40
2025-05-20,P006,Headphones,Accessories,27,95
2025-05-21,P006,Headphones,Accessories,42,53
2025-05-22,P006,Headphones,Accessories,23,30
2025-05-23,P006,Headphones,Accessories,48,72
2025-05-24,P006,Headphones,Accessories,6,66
2025-05-25,P006,Headphones,Accessories,36,30
2025-05-26,P006,Headphones,Accessories,44,108
2025-05-27,P006,Headphones,Accessories,8,100
2025-05-28,P006,Headphones,Accessories,45,55
2025-05-29,P006,Headphones,Accessories,15,40
2025-05-30,P006,Headphones,Accessories,26,71
2025-05-31,P006,Headphones,Accessories,6,65
2025-06-01,P006,Headphones,Accessories,41,92
2025-06-02,P006,Headphones,Accessories,40,52
2025-06-03,P006,Headphones,Accessories,20,32
2025-06-04,P006,Headphones,Accessories,14,100
2025-06-05,P006,Headphones,Accessories,23,77
2025-06-06,P006,Headphones,Accessories,50,90
2025-06-07,P006,Headphones,Accessories,19,71
2025-06-08,P006,Headphones,Accessories,21,50
2025-06-09,P006,Headphones,Accessories,36,84
2025-06-10,P006,Headphones,Accessories,45,39
2025-06-11,P006,Headphones,Accessories,11,102
2025-06-12,P006,Headphones,Accessories,26,76
2025-06-13,P006,Headphones,Accessories,23,53
2025-06-14,P006,Headphones,Accessories,37,125
2025-06-15,P006,Headphones,Accessories,14,111
2025-06-16,P006,Headphones,Accessories,10,101
2025-06-17,P006,Headphones,Accessories,31,70
2025-06-18,P006,Headphones,Accessories,37,33
2025-06-19,P006,Headphones,Accessories,42,64
2025-06-20,P006,Headphones,Accessories,11,53
2025-06-21,P006,Headphones,Accessories,25,116
2025-06-22,P006,Headphones,Accessories,19,97
2025-06-23,P006,Headphones,Accessories,49,48
2025-06-24,P006,Headphones,Accessories,13,35
2025-06-25,P006,Headphones,Accessories,15,84
2025-06-26,P006,Headphones,Accessories,29,55
2025-06-27,P006,Headphones,Accessories,12,43
2025-06-28,P006,Headphones,Accessories,14,120
2025-06-29,P006,Headphones,Accessories,46,74
2025-06-30,P006,Headphones,Accessories,11,63
2025-07-01,P006,Headphones,Accessories,16,47
2025-07-02,P006,Headphones,Accessories,48,112
2025-07-03,P006,Headphones,Accessories,43,69
2025-07-04,P006,Headphones,Accessories,34,35
2025-07-05,P006,Headphones,Accessories,8,143
2025-07-06,P006,Headphones,Accessories,18,125
2025-07-07,P006,Headphones,Accessories,7,118
2025-07-08,P006,Headphones,Accessories,14,104
2025-07-09,P006,Headphones,Accessories,12,92
2025-07-10,P006,Headphones,Accessories,7,85
2025-07-11,P006,Headphones,Accessories,8,77
2025-07-12,P006,Headphones,Accessories,5,72
2025-07-13,P006,Headphones,Accessories,25,47
2025-07-14,P006,Headphones,Accessories,41,62
2025-07-15,P006,Headphones,Accessories,43,121
2025-07-16,P006,Headphones,Accessories,18,103
2025-07-17,P006,Headphones,Accessories,29,74
2025-07-18,P006,Headphones,Accessories,48,124
2025-07-19,P006,Headphones,Accessories,9,115
2025-07-20,P006,Headphones,Accessories,26,89
2025-07-21,P006,Headphones,Accessories,36,53
2025-07-22,P006,Headphones,Accessories,44,106
2025-07-23,P006,Headphones,Accessories,38,68
2025-07-24,P006,Headphones,Accessories,20,48
2025-07-25,P006,Headphones,Accessories,35,85
2025-07-26,P006,Headphones,Accessories,42,43
2025-07-27,P006,Headphones,Accessories,37,68
2025-07-28,P006,Headphones,Accessories,42,128
2025-07-29,P006,Headphones,Accessories,14,114
2025-07-30,P006,Headphones,Accessories,14,100
2025-07-31,P006,Headphones,Accessories,41,59
2025-08-01,P006,Headphones,Accessories,7,52
2025-08-02,P006,Headphones,Accessories,43,110
2025-08-03,P006,Headphones,Accessories,19,91
2025-08-04,P006,Headphones,Accessories,50,41
2025-08-05,P006,Headphones,Accessories,34,98
2025-08-06,P006,Headphones,Accessories,39,59
2025-08-07,P006,Headphones,Accessories,20,39
2025-08-08,P006,Headphones,Accessories,44,111
2025-08-09,P006,Headphones,Accessories,27,84
2025-08-10,P006,Headphones,Accessories,7,77
2025-08-11,P006,Headphones,Accessories,45,32
2025-08-12,P006,Headphones,Accessories,46,88
2025-08-13,P006,Headphones,Accessories,7,81
2025-08-14,P006,Headphones,Accessories,5,76
2025-08-15,P006,Headphones,Accessories,32,44
2025-08-16,P006,Headphones,Accessories,46,87
2025-08-17,P006,Headphones,Accessories,33,54
2025-08-18,P006,Headphones,Accessories,7,47
2025-08-19,P006,Headphones,Accessories,21,115
2025-08-20,P006,Headphones,Accessories,11,104
2025-08-21,P006,Headphones,Accessories,9,95
2025-08-22,P006,Headphones,Accessories,23,72
2025-08-23,P006,Headphones,Accessories,20,52
2025-08-24,P006,Headphones,Accessories,11,41
2025-08-25,P006,Headphones,Accessories,25,103
2025-08-26,P006,Headphones,Accessories,26,77
2025-08-27,P006,Headphones,Accessories,28,49
2025-08-28,P006,Headphones,Accessories,21,110
2025-08-29,P006,Headphones,Accessories,20,90
2025-08-30,P006,Headphones,Accessories,48,42
2025-08-31,P006,Headphones,Accessories,31,118
2025-09-01,P006,Headphones,Accessories,46,72
2025-09-02,P006,Headphones,Accessories,44,81
2025-09-03,P006,Headphones,Accessories,27,54
2025-09-04,P006,Headphones,Accessories,10,44
2025-09-05,P006,Headphones,Accessories,50,51
2025-09-06,P006,Headphones,Accessories,49,75
2025-09-07,P006,Headphones,Accessories,43,32
2025-09-08,P006,Headphones,Accessories,45,117
2025-09-09,P006,Headphones,Accessories,5,112
2025-09-10,P006,Headphones,Accessories,49,63
2025-09-11,P006,Headphones,Accessories,32,31
2025-09-12,P006,Headphones,Accessories,49,63
2025-09-13,P006,Headphones,Accessories,9,54
2025-09-14,P006,Headphones,Accessories,50,86
2025-09-15,P006,Headphones,Accessories,12,74
2025-09-16,P006,Headphones,Accessories,26,48
2025-09-17,P006,Headphones,Accessories,14,34
2025-09-18,P006,Headphones,Accessories,22,67
2025-09-19,P006,Headphones,Accessories,17,50
2025-09-20,P006,Headphones,Accessories,37,72
2025-09-21,P006,Headphones,Accessories,35,37
2025-09-22,P006,Headphones,Accessories,21,128
2025-09-23,P006,Headphones,Accessories,20,108
2025-09-24,P006,Headphones,Accessories,14,94
2025-09-25,P006,Headphones,Accessories,16,78
2025-09-26,P006,Headphones,Accessories,18,60
2025-09-27,P006,Headphones,Accessories,31,131
2025-09-28,P006,Headphones,Accessories,33,98
2025-09-29,P006,Headphones,Accessories,41,57
2025-09-30,P006,Headphones,Accessories,5,52
2025-10-01,P006,Headphones,Accessories,48,113
2025-10-02,P006,Headphones,Accessories,27,86
2025-10-03,P006,Headphones,Accessories,8,78
2025-10-04,P006,Headphones,Accessories,25,53
2025-10-05,P006,Headphones,Accessories,35,80
2025-10-06,P006,Headphones,Accessories,26,54
2025-10-07,P006,Headphones,Accessories,36,107
2025-10-08,P006,Headphones,Accessories,31,76
2025-10-09,P006,Headphones,Accessories,12,64
2025-10-10,P006,Headphones,Accessories,12,52
2025-10-11,P006,Headphones,Accessories,48,111
2025-10-12,P006,Headphones,Accessories,21,90
2025-10-13,P006,Headphones,Accessories,48,42
2025-10-14,P006,Headphones,Accessories,49,76
2025-10-15,P006,Headphones,Accessories,6,70
2025-10-16,P006,Headphones,Accessories,22,48
2025-10-17,P006,Headphones,Accessories,40,117
2025-10-18,P006,Headphones,Accessories,32,85
2025-10-19,P006,Headphones,Accessories,33,52
2025-10-20,P006,Headphones,Accessories,21,31
2025-10-21,P006,Headphones,Accessories,16,112
2025-10-22,P006,Headphones,Accessories,33,79
2025-10-23,P006,Headphones,Accessories,25,54
2025-10-24,P006,Headphones,Accessories,34,134
2025-10-25,P006,Headphones,Accessories,43,91
2025-10-26,P006,Headphones,Accessories,35,56
2025-10-27,P006,Headphones,Accessories,34,129
2025-10-28,P006,Headphones,Accessories,42,87
2025-10-29,P006,Headphones,Accessories,6,81
2025-10-30,P006,Headphones,Accessories,50,31
2025-10-31,P006,Headphones,Accessories,13,109
2025-11-01,P006,Headphones,Accessories,12,97
2025-11-02,P006,Headphones,Accessories,47,50
2025-11-03,P006,Headphones,Accessories,20,30
2025-11-04,P006,Headphones,Accessories,47,59
2025-11-05,P006,Headphones,Accessories,23,36
2025-11-06,P006,Headphones,Accessories,22,74
2025-11-07,P006,Headphones,Accessories,31,43
2025-11-08,P006,Headphones,Accessories,7,36
2025-11-09,P006,Headphones,Accessories,24,97
2025-11-10,P006,Headphones,Accessories,33,64
2025-11-11,P006,Headphones,Accessories,18,46
2025-11-12,P006,Headphones,Accessories,42,106
2025-11-13,P006,Headphones,Accessories,45,61
2025-11-14,P006,Headphones,Accessories,24,37
2025-11-15,P006,Headphones,Accessories,19,122
2025-11-16,P006,Headphones,Accessories,8,114
2025-11-17,P006,Headphones,Accessories,49,65
2025-11-18,P006,Headphones,Accessories,6,59
2025-11-19,P006,Headphones,Accessories,6,53
2025-11-20,P006,Headphones,Accessories,40,76
2025-11-21,P006,Headphones,Accessories,15,61
2025-11-22,P006,Headphones,Accessories,6,55
2025-11-23,P006,Headphones,Accessories,20,35
2025-11-24,P006,Headphones,Accessories,25,128
2025-11-25,P006,Headphones,Accessories,20,108
2025-11-26,P006,Headphones,Accessories,26,82
2025-11-27,P006,Headphones,Accessories,15,67
2025-11-28,P006,Headphones,Accessories,21,46
2025-11-29,P006,Headphones,Accessories,37,71
2025-11-30,P006,Headphones,Accessories,32,39
2025-12-01,P006,Headphones,Accessories,36,63
2025-12-02,P006,Headphones,Accessories,8,55
2025-12-03,P006,Headphones,Accessories,27,106
2025-12-04,P006,Headphones,Accessories,32,74
2025-12-05,P006,Headphones,Accessories,43,31
2025-12-06,P006,Headphones,Accessories,6,111
2025-12-07,P006,Headphones,Accessories,29,82
2025-12-08,P006,Headphones,Accessories,49,33
2025-12-09,P006,Headphones,Accessories,7,143
2025-12-10,P006,Headphones,Accessories,30,113
2025-12-11,P006,Headphones,Accessories,35,78
2025-12-12,P006,Headphones,Accessories,13,65
2025-12-13,P006,Headphones,Accessories,16,49
2025-12-14,P006,Headphones,Accessories,22,110
2025-12-15,P006,Headphones,Accessories,41,69
2025-12-16,P006,Headphones,Accessories,46,132
2025-12-17,P006,Headphones,Accessories,47,85
2025-12-18,P006,Headphones,Accessories,42,43
2025-12-19,P006,Headphones,Accessories,48,99
2025-12-20,P006,Headphones,Accessories,45,54
2025-12-21,P006,Headphones,Accessories,32,120
2025-12-22,P006,Headphones,Accessories,25,95
2025-12-23,P006,Headphones,Accessories,36,59
2025-12-24,P006,Headphones,Accessories,44,90
2025-12-25,P006,Headphones,Accessories,24,66
2025-12-26,P006,Headphones,Accessories,24,42
2025-12-27,P006,Headphones,Accessories,13,130
2025-12-28,P006,Headphones,Accessories,50,80
2025-12-29,P006,Headphones,Accessories,8,72
2025-12-30,P006,Headphones,Accessories,47,110
2025-12-31,P006,Headphones,Accessories,48,62
2025-01-01,P007,Webcam,Accessories,48,36
2025-01-02,P007,Webcam,Accessories,33,103
2025-01-03,P007,Webcam,Accessories,31,72
2025-01-04,P007,Webcam,Accessories,33,39
2025-01-05,P007,Webcam,Accessories,12,108
2025-01-06,P007,Webcam,Accessories,32,76
2025-01-07,P007,Webcam,Accessories,6,70
2025-01-08,P007,Webcam,Accessories,41,88
2025-01-09,P007,Webcam,Accessories,46,42
2025-01-10,P007,Webcam,Accessories,8,34
2025-01-11,P007,Webcam,Accessories,27,119
2025-01-12,P007,Webcam,Accessories,36,83
2025-01-13,P007,Webcam,Accessories,21,62
2025-01-14,P007,Webcam,Accessories,42,92
2025-01-15,P007,Webcam,Accessories,17,75
2025-01-16,P007,Webcam,Accessories,28,47
2025-01-17,P007,Webcam,Accessories,32,110
2025-01-18,P007,Webcam,Accessories,23,87
2025-01-19,P007,Webcam,Accessories,23,64
2025-01-20,P007,Webcam,Accessories,45,72
2025-01-21,P007,Webcam,Accessories,37,35
2025-01-22,P007,Webcam,Accessories,48,110
2025-01-23,P007,Webcam,Accessories,44,66
2025-01-24,P007,Webcam,Accessories,48,103
2025-01-25,P007,Webcam,Accessories,35,68
2025-01-26,P007,Webcam,Accessories,48,110
2025-01-27,P007,Webcam,Accessories,32,78
2025-01-28,P007,Webcam,Accessories,26,52
2025-01-29,P007,Webcam,Accessories,27,127
2025-01-30,P007,Webcam,Accessories,25,102
2025-01-31,P007,Webcam,Accessories,23,79
2025-02-01,P007,Webcam,Accessories,43,36
2025-02-02,P007,Webcam,Accessories,41,103
2025-02-03,P007,Webcam,Accessories,25,78
2025-02-04,P007,Webcam,Accessories,26,52
2025-02-05,P007,Webcam,Accessories,49,56
2025-02-06,P007,Webcam,Accessories,14,42
2025-02-07,P007,Webcam,Accessories,46,101
2025-02-08,P007,Webcam,Accessories,37,64
2025-02-09,P007,Webcam,Accessories,23,41
2025-02-10,P007,Webcam,Accessories,40,73
2025-02-11,P007,Webcam,Accessories,18,55
2025-02-12,P007,Webcam,Accessories,46,76
2025-02-13,P007,Webcam,Accessories,23,53
2025-02-14,P007,Webcam,Accessories,23,30
2025-02-15,P007,Webcam,Accessories,28,64
2025-02-16,P007,Webcam,Accessories,12,52
2025-02-17,P007,Webcam,Accessories,18,34
2025-02-18,P007,Webcam,Accessories,14,99
2025-02-19,P007,Webcam,Accessories,47,52
2025-02-20,P007,Webcam,Accessories,23,95
2025-02-21,P007,Webcam,Accessories,36,59
2025-02-22,P007,Webcam,Accessories,47,79
2025-02-23,P007,Webcam,Accessories,38,41
2025-02-24,P007,Webcam,Accessories,28,82
2025-02-25,P007,Webcam,Accessories,44,38
2025-02-26,P007,Webcam,Accessories,16,129
2025-02-27,P007,Webcam,Accessories,21,108
2025-02-28,P007,Webcam,Accessories,43,65
2025-03-01,P007,Webcam,Accessories,6,59
2025-03-02,P007,Webcam,Accessories,34,128
2025-03-03,P007,Webcam,Accessories,23,105
2025-03-04,P007,Webcam,Accessories,5,100
2025-03-05,P007,Webcam,Accessories,16,84
2025-03-06,P007,Webcam,Accessories,14,70
2025-03-07,P007,Webcam,Accessories,27,43
2025-03-08,P007,Webcam,Accessories,25,74
2025-03-09,P007,Webcam,Accessories,30,44
2025-03-10,P007,Webcam,Accessories,13,31
2025-03-11,P007,Webcam,Accessories,13,70
2025-03-12,P007,Webcam,Accessories,44,95
2025-03-13,P007,Webcam,Accessories,27,68
2025-03-14,P007,Webcam,Accessories,47,140
2025-03-15,P007,Webcam,Accessories,6,134
2025-03-16,P007,Webcam,Accessories,32,102
2025-03-17,P007,Webcam,Accessories,47,55
2025-03-18,P007,Webcam,Accessories,28,147
2025-03-19,P007,Webcam,Accessories,21,126
2025-03-20,P007,Webcam,Accessories,22,104
2025-03-21,P007,Webcam,Accessories,26,78
2025-03-22,P007,Webcam,Accessories,17,61
2025-03-23,P007,Webcam,Accessories,14,47
2025-03-24,P007,Webcam,Accessories,14,33
2025-03-25,P007,Webcam,Accessories,37,118
2025-03-26,P007,Webcam,Accessories,11,107
2025-03-27,P007,Webcam,Accessories,33,74
2025-03-28,P007,Webcam,Accessories,5,69
2025-03-29,P007,Webcam,Accessories,19,50
2025-03-30,P007,Webcam,Accessories,13,37
2025-03-31,P007,Webcam,Accessories,25,101
2025-04-01,P007,Webcam,Accessories,23,78
2025-04-02,P007,Webcam,Accessories,32,46
2025-04-03,P007,Webcam,Accessories,17,96
2025-04-04,P007,Webcam,Accessories,27,69
2025-04-05,P007,Webcam,Accessories,40,86
2025-04-06,P007,Webcam,Accessories,35,51
2025-04-07,P007,Webcam,Accessories,49,102
2025-04-08,P007,Webcam,Accessories,48,54
2025-04-09,P007,Webcam,Accessories,36,73
2025-04-10,P007,Webcam,Accessories,45,102
2025-04-11,P007,Webcam,Accessories,49,53
2025-04-12,P007,Webcam,Accessories,44,125
2025-04-13,P007,Webcam,Accessories,46,79
2025-04-14,P007,Webcam,Accessories,21,58
2025-04-15,P007,Webcam,Accessories,28,30
2025-04-16,P007,Webcam,Accessories,33,54
2025-04-17,P007,Webcam,Accessories,39,68
2025-04-18,P007,Webcam,Accessories,7,61
2025-04-19,P007,Webcam,Accessories,36,120
2025-04-20,P007,Webcam,Accessories,14,106
2025-04-21,P007,Webcam,Accessories,32,74
2025-04-22,P007,Webcam,Accessories,36,38
2025-04-23,P007,Webcam,Accessories,19,111
2025-04-24,P007,Webcam,Accessories,22,89
2025-04-25,P007,Webcam,Accessories,16,73
2025-04-26,P007,Webcam,Accessories,34,39
2025-04-27,P007,Webcam,Accessories,30,124
2025-04-28,P007,Webcam,Accessories,34,90
2025-04-29,P007,Webcam,Accessories,13,77
2025-04-30,P007,Webcam,Accessories,34,43
2025-05-01,P007,Webcam,Accessories,17,93
2025-05-02,P007,Webcam,Accessories,49,44
2025-05-03,P007,Webcam,Accessories,34,96
2025-05-04,P007,Webcam,Accessories,16,80
2025-05-05,P007,Webcam,Accessories,42,38
2025-05-06,P007,Webcam,Accessories,35,62
2025-05-07,P007,Webcam,Accessories,23,39
2025-05-08,P007,Webcam,Accessories,20,103
2025-05-09,P007,Webcam,Accessories,10,93
2025-05-10,P007,Webcam,Accessories,30,63
2025-05-11,P007,Webcam,Accessories,40,87
2025-05-12,P007,Webcam,Accessories,34,53
2025-05-13,P007,Webcam,Accessories,8,45
2025-05-14,P007,Webcam,Accessories,21,132
2025-05-15,P007,Webcam,Accessories,37,95
2025-05-16,P007,Webcam,Accessories,41,54
2025-05-17,P007,Webcam,Accessories,25,94
2025-05-18,P007,Webcam,Accessories,12,82
2025-05-19,P007,Webcam,Accessories,27,55
2025-05-20,P007,Webcam,Accessories,35,90
2025-05-21,P007,Webcam,Accessories,10,80
2025-05-22,P007,Webcam,Accessories,19,61
2025-05-23,P007,Webcam,Accessories,39,136
2025-05-24,P007,Webcam,Accessories,24,112
2025-05-25,P007,Webcam,Accessories,37,75
2025-05-26,P007,Webcam,Accessories,23,52
2025-05-27,P007,Webcam,Accessories,36,125
2025-05-28,P007,Webcam,Accessories,7,118
2025-05-29,P007,Webcam,Accessories,49,69
2025-05-30,P007,Webcam,Accessories,44,107
2025-05-31,P007,Webcam,Accessories,11,96
2025-06-01,P007,Webcam,Accessories,48,48
2025-06-02,P007,Webcam,Accessories,10,38
2025-06-03,P007,Webcam,Accessories,15,139
2025-06-04,P007,Webcam,Accessories,5,134
2025-06-05,P007,Webcam,Accessories,38,96
2025-06-06,P007,Webcam,Accessories,39,57
2025-06-07,P007,Webcam,Accessories,22,35
2025-06-08,P007,Webcam,Accessories,6,84
2025-06-09,P007,Webcam,Accessories,24,60
2025-06-10,P007,Webcam,Accessories,22,38
2025-06-11,P007,Webcam,Accessories,27,93
2025-06-12,P007,Webcam,Accessories,18,75
2025-06-13,P007,Webcam,Accessories,27,48
2025-06-14,P007,Webcam,Accessories,28,105
2025-06-15,P007,Webcam,Accessories,40,65
2025-06-16,P007,Webcam,Accessories,32,33
2025-06-17,P007,Webcam,Accessories,40,89
2025-06-18,P007,Webcam,Accessories,25,64
2025-06-19,P007,Webcam,Accessories,47,131
2025-06-20,P007,Webcam,Accessories,29,102
2025-06-21,P007,Webcam,Accessories,38,64
2025-06-22,P007,Webcam,Accessories,50,66
2025-06-23,P007,Webcam,Accessories,6,60
2025-06-24,P007,Webcam,Accessories,47,115
2025-06-25,P007,Webcam,Accessories,21,94
2025-06-26,P007,Webcam,Accessories,38,56
2025-06-27,P007,Webcam,Accessories,18,38
2025-06-28,P007,Webcam,Accessories,48,74
2025-06-29,P007,Webcam,Accessories,39,35
2025-06-30,P007,Webcam,Accessories,33,61
2025-07-01,P007,Webcam,Accessories,43,89
2025-07-02,P007,Webcam,Accessories,36,53
2025-07-03,P007,Webcam,Accessories,15,38
2025-07-04,P007,Webcam,Accessories,17,72
2025-07-05,P007,Webcam,Accessories,9,63
2025-07-06,P007,Webcam,Accessories,43,81
2025-07-07,P007,Webcam,Accessories,30,51
2025-07-08,P007,Webcam,Accessories,43,120
2025-07-09,P007,Webcam,Accessories,8,112
2025-07-10,P007,Webcam,Accessories,49,63
2025-07-11,P007,Webcam,Accessories,11,52
2025-07-12,P007,Webcam,Accessories,9,43
2025-07-13,P007,Webcam,Accessories,12,31
2025-07-14,P007,Webcam,Accessories,12,120
2025-07-15,P007,Webcam,Accessories,46,74
2025-07-16,P007,Webcam,Accessories,15,59
2025-07-17,P007,Webcam,Accessories,49,102
2025-07-18,P007,Webcam,Accessories,37,65
2025-07-19,P007,Webcam,Accessories,11,54
2025-07-20,P007,Webcam,Accessories,5,49
2025-07-21,P007,Webcam,Accessories,18,31
2025-07-22,P007,Webcam,Accessories,36,93
2025-07-23,P007,Webcam,Accessories,26,67
2025-07-24,P007,Webcam,Accessories,32,35
2025-07-25,P007,Webcam,Accessories,40,55
2025-07-26,P007,Webcam,Accessories,49,71
2025-07-27,P007,Webcam,Accessories,43,97
2025-07-28,P007,Webcam,Accessories,18,79
2025-07-29,P007,Webcam,Accessories,22,57
2025-07-30,P007,Webcam,Accessories,9,48
2025-07-31,P007,Webcam,Accessories,7,41
2025-08-01,P007,Webcam,Accessories,29,87
2025-08-02,P007,Webcam,Accessories,12,75
2025-08-03,P007,Webcam,Accessories,33,42
2025-08-04,P007,Webcam,Accessories,50,51
2025-08-05,P007,Webcam,Accessories,24,107
2025-08-06,P007,Webcam,Accessories,34,73
2025-08-07,P007,Webcam,Accessories,6,67
2025-08-08,P007,Webcam,Accessories,19,48
2025-08-09,P007,Webcam,Accessories,12,36
2025-08-10,P007,Webcam,Accessories,14,119
2025-08-11,P007,Webcam,Accessories,29,90
2025-08-12,P007,Webcam,Accessories,22,68
2025-08-13,P007,Webcam,Accessories,24,44
2025-08-14,P007,Webcam,Accessories,22,125
2025-08-15,P007,Webcam,Accessories,14,111
2025-08-16,P007,Webcam,Accessories,33,78
2025-08-17,P007,Webcam,Accessories,42,36
2025-08-18,P007,Webcam,Accessories,19,89
2025-08-19,P007,Webcam,Accessories,14,75
2025-08-20,P007,Webcam,Accessories,31,44
2025-08-21,P007,Webcam,Accessories,45,80
2025-08-22,P007,Webcam,Accessories,43,37
2025-08-23,P007,Webcam,Accessories,26,91
2025-08-24,P007,Webcam,Accessories,24,67
2025-08-25,P007,Webcam,Accessories,37,30
2025-08-26,P007,Webcam,Accessories,15,132
2025-08-27,P007,Webcam,Accessories,15,117
2025-08-28,P007,Webcam,Accessories,27,90
2025-08-29,P007,Webcam,Accessories,23,67
2025-08-30,P007,Webcam,Accessories,42,85
2025-08-31,P007,Webcam,Accessories,44,41
2025-09-01,P007,Webcam,Accessories,26,65
2025-09-02,P007,Webcam,Accessories,50,99
2025-09-03,P007,Webcam,Accessories,43,56
2025-09-04,P007,Webcam,Accessories,36,72
2025-09-05,P007,Webcam,Accessories,12,60
2025-09-06,P007,Webcam,Accessories,20,40
2025-09-07,P007,Webcam,Accessories,15,123
2025-09-08,P007,Webcam,Accessories,35,88
2025-09-09,P007,Webcam,Accessories,42,46
2025-09-10,P007,Webcam,Accessories,8,38
2025-09-11,P007,Webcam,Accessories,17,141
2025-09-12,P007,Webcam,Accessories,40,101
2025-09-13,P007,Webcam,Accessories,33,68
2025-09-14,P007,Webcam,Accessories,46,114
2025-09-15,P007,Webcam,Accessories,29,85
2025-09-16,P007,Webcam,Accessories,27,58
2025-09-17,P007,Webcam,Accessories,24,34
2025-09-18,P007,Webcam,Accessories,26,118
2025-09-19,P007,Webcam,Accessories,49,69
2025-09-20,P007,Webcam,Accessories,37,32
2025-09-21,P007,Webcam,Accessories,24,76
2025-09-22,P007,Webcam,Accessories,43,33
2025-09-23,P007,Webcam,Accessories,40,58
2025-09-24,P007,Webcam,Accessories,42,99
2025-09-25,P007,Webcam,Accessories,35,64
2025-09-26,P007,Webcam,Accessories,31,33
2025-09-27,P007,Webcam,Accessories,24,124
2025-09-28,P007,Webcam,Accessories,50,74
2025-09-29,P007,Webcam,Accessories,6,68
2025-09-30,P007,Webcam,Accessories,14,54
2025-10-01,P007,Webcam,Accessories,35,87
2025-10-02,P007,Webcam,Accessories,9,78
2025-10-03,P007,Webcam,Accessories,41,37
2025-10-04,P007,Webcam,Accessories,12,90
2025-10-05,P007,Webcam,Accessories,49,41
2025-10-06,P007,Webcam,Accessories,30,102
2025-10-07,P007,Webcam,Accessories,38,64
2025-10-08,P007,Webcam,Accessories,40,80
2025-10-09,P007,Webcam,Accessories,6,74
2025-10-10,P007,Webcam,Accessories,45,149
2025-10-11,P007,Webcam,Accessories,18,131
2025-10-12,P007,Webcam,Accessories,49,82
2025-10-13,P007,Webcam,Accessories,43,39
2025-10-14,P007,Webcam,Accessories,18,141
2025-10-15,P007,Webcam,Accessories,31,110
2025-10-16,P007,Webcam,Accessories,9,101
2025-10-17,P007,Webcam,Accessories,15,86
2025-10-18,P007,Webcam,Accessories,21,65
2025-10-19,P007,Webcam,Accessories,13,52
2025-10-20,P007,Webcam,Accessories,6,46
2025-10-21,P007,Webcam,Accessories,5,41
2025-10-22,P007,Webcam,Accessories,35,99
2025-10-23,P007,Webcam,Accessories,41,58
2025-10-24,P007,Webcam,Accessories,47,88
2025-10-25,P007,Webcam,Accessories,24,64
2025-10-26,P007,Webcam,Accessories,42,84
2025-10-27,P007,Webcam,Accessories,10,74
2025-10-28,P007,Webcam,Accessories,18,56
2025-10-29,P007,Webcam,Accessories,29,110
2025-10-30,P007,Webcam,Accessories,44,66
2025-10-31,P007,Webcam,Accessories,16,50
2025-11-01,P007,Webcam,Accessories,10,40
2025-11-02,P007,Webcam,Accessories,46,120
2025-11-03,P007,Webcam,Accessories,14,106
2025-11-04,P007,Webcam,Accessories,21,85
2025-11-05,P007,Webcam,Accessories,25,60
2025-11-06,P007,Webcam,Accessories,24,36
2025-11-07,P007,Webcam,Accessories,14,81
2025-11-08,P007,Webcam,Accessories,48,33
2025-11-09,P007,Webcam,Accessories,12,116
2025-11-10,P007,Webcam,Accessories,6,110
2025-11-11,P007,Webcam,Accessories,15,95
2025-11-12,P007,Webcam,Accessories,27,68
2025-11-13,P007,Webcam,Accessories,24,44
2025-11-14,P007,Webcam,Accessories,24,110
2025-11-15,P007,Webcam,Accessories,31,79
2025-11-16,P007,Webcam,Accessories,27,52
2025-11-17,P007,Webcam,Accessories,19,33
2025-11-18,P007,Webcam,Accessories,32,117
2025-11-19,P007,Webcam,Accessories,7,110
2025-11-20,P007,Webcam,Accessories,19,91
2025-11-21,P007,Webcam,Accessories,21,70
2025-11-22,P007,Webcam,Accessories,25,45
2025-11-23,P007,Webcam,Accessories,6,39
2025-11-24,P007,Webcam,Accessories,11,97
2025-11-25,P007,Webcam,Accessories,40,57
2025-11-26,P007,Webcam,Accessories,17,40
2025-11-27,P007,Webcam,Accessories,35,109
2025-11-28,P007,Webcam,Accessories,18,91
2025-11-29,P007,Webcam,Accessories,18,73
2025-11-30,P007,Webcam,Accessories,26,47
2025-12-01,P007,Webcam,Accessories,16,31
2025-12-02,P007,Webcam,Accessories,50,101
2025-12-03,P007,Webcam,Accessories,34,67
2025-12-04,P007,Webcam,Accessories,9,58
2025-12-05,P007,Webcam,Accessories,20,38
2025-12-06,P007,Webcam,Accessories,30,62
2025-12-07,P007,Webcam,Accessories,34,92
2025-12-08,P007,Webcam,Accessories,15,77
2025-12-09,P007,Webcam,Accessories,11,66
2025-12-10,P007,Webcam,Accessories,37,94
2025-12-11,P007,Webcam,Accessories,10,84
2025-12-12,P007,Webcam,Accessories,41,43
2025-12-13,P007,Webcam,Accessories,32,103
2025-12-14,P007,Webcam,Accessories,10,93
2025-12-15,P007,Webcam,Accessories,32,61
2025-12-16,P007,Webcam,Accessories,40,130
2025-12-17,P007,Webcam,Accessories,42,88
2025-12-18,P007,Webcam,Accessories,35,53
2025-12-19,P007,Webcam,Accessories,10,43
2025-12-20,P007,Webcam,Accessories,9,34
2025-12-21,P007,Webcam,Accessories,11,92
2025-12-22,P007,Webcam,Accessories,44,48
2025-12-23,P007,Webcam,Accessories,7,41
2025-12-24,P007,Webcam,Accessories,42,51
2025-12-25,P007,Webcam,Accessories,8,43
2025-12-26,P007,Webcam,Accessories,39,81
2025-12-27,P007,Webcam,Accessories,45,36
2025-12-28,P007,Webcam,Accessories,22,108
2025-12-29,P007,Webcam,Accessories,32,76
2025-12-30,P007,Webcam,Accessories,33,43
2025-12-31,P007,Webcam,Accessories,8,35
2025-01-01,P008,Tablet,Electronics,34,55
2025-01-02,P008,Tablet,Electronics,5,50
2025-01-03,P008,Tablet,Electronics,37,89
2025-01-04,P008,Tablet,Electronics,18,71
2025-01-05,P008,Tablet,Electronics,43,79
2025-01-06,P008,Tablet,Electronics,19,60
2025-01-07,P008,Tablet,Electronics,7,53
2025-01-08,P008,Tablet,Electronics,48,69
2025-01-09,P008,Tablet,Electronics,6,63
2025-01-10,P008,Tablet,Electronics,18,45
2025-01-11,P008,Tablet,Electronics,27,91
2025-01-12,P008,Tablet,Electronics,40,51
2025-01-13,P008,Tablet,Electronics,45,119
2025-01-14,P008,Tablet,Electronics,39,80
2025-01-15,P008,Tablet,Electronics,43,37
2025-01-16,P008,Tablet,Electronics,43,114
2025-01-17,P008,Tablet,Electronics,29,85
2025-01-18,P008,Tablet,Electronics,17,68
2025-01-19,P008,Tablet,Electronics,21,47
2025-01-20,P008,Tablet,Electronics,27,76
2025-01-21,P008,Tablet,Electronics,23,53
2025-01-22,P008,Tablet,Electronics,19,34
2025-01-23,P008,Tablet,Electronics,26,76
2025-01-24,P008,Tablet,Electronics,24,52
2025-01-25,P008,Tablet,Electronics,27,134
2025-01-26,P008,Tablet,Electronics,24,110
2025-01-27,P008,Tablet,Electronics,21,89
2025-01-28,P008,Tablet,Electronics,36,53
2025-01-29,P008,Tablet,Electronics,27,132
2025-01-30,P008,Tablet,Electronics,38,94
2025-01-31,P008,Tablet,Electronics,6,88
2025-02-01,P008,Tablet,Electronics,33,55
2025-02-02,P008,Tablet,Electronics,41,100
2025-02-03,P008,Tablet,Electronics,19,81
2025-02-04,P008,Tablet,Electronics,6,75
2025-02-05,P008,Tablet,Electronics,40,35
2025-02-06,P008,Tablet,Electronics,41,74
2025-02-07,P008,Tablet,Electronics,20,54
2025-02-08,P008,Tablet,Electronics,39,87
2025-02-09,P008,Tablet,Electronics,48,39
2025-02-10,P008,Tablet,Electronics,32,119
2025-02-11,P008,Tablet,Electronics,39,80
2025-02-12,P008,Tablet,Electronics,28,52
2025-02-13,P008,Tablet,Electronics,26,131
2025-02-14,P008,Tablet,Electronics,8,123
2025-02-15,P008,Tablet,Electronics,48,75
2025-02-16,P008,Tablet,Electronics,47,104
2025-02-17,P008,Tablet,Electronics,35,69
2025-02-18,P008,Tablet,Electronics,28,41
2025-02-19,P008,Tablet,Electronics,21,95
2025-02-20,P008,Tablet,Electronics,9,86
2025-02-21,P008,Tablet,Electronics,24,62
2025-02-22,P008,Tablet,Electronics,27,35
2025-02-23,P008,Tablet,Electronics,6,108
2025-02-24,P008,Tablet,Electronics,35,73
2025-02-25,P008,Tablet,Electronics,23,50
2025-02-26,P008,Tablet,Electronics,42,128
2025-02-27,P008,Tablet,Electronics,46,82
2025-02-28,P008,Tablet,Electronics,26,56
2025-03-01,P008,Tablet,Electronics,15,41
2025-03-02,P008,Tablet,Electronics,31,127
2025-03-03,P008,Tablet,Electronics,49,78
2025-03-04,P008,Tablet,Electronics,40,38
2025-03-05,P008,Tablet,Electronics,38,79
2025-03-06,P008,Tablet,Electronics,19,60
2025-03-07,P008,Tablet,Electronics,33,78
2025-03-08,P008,Tablet,Electronics,44,34
2025-03-09,P008,Tablet,Electronics,32,79
2025-03-10,P008,Tablet,Electronics,7,72
2025-03-11,P008,Tablet,Electronics,36,36
2025-03-12,P008,Tablet,Electronics,39,69
2025-03-13,P008,Tablet,Electronics,41,130
2025-03-14,P008,Tablet,Electronics,7,123
2025-03-15,P008,Tablet,Electronics,39,84
2025-03-16,P008,Tablet,Electronics,36,48
2025-03-17,P008,Tablet,Electronics,18,30
2025-03-18,P008,Tablet,Electronics,29,96
2025-03-19,P008,Tablet,Electronics,50,46
2025-03-20,P008,Tablet,Electronics,33,103
2025-03-21,P008,Tablet,Electronics,27,76
2025-03-22,P008,Tablet,Electronics,13,63
2025-03-23,P008,Tablet,Electronics,12,51
2025-03-24,P008,Tablet,Electronics,30,95
2025-03-25,P008,Tablet,Electronics,45,50
2025-03-26,P008,Tablet,Electronics,7,43
2025-03-27,P008,Tablet,Electronics,17,78
2025-03-28,P008,Tablet,Electronics,44,34
2025-03-29,P008,Tablet,Electronics,13,136
2025-03-30,P008,Tablet,Electronics,36,100
2025-03-31,P008,Tablet,Electronics,45,55
2025-04-01,P008,Tablet,Electronics,40,105
2025-04-02,P008,Tablet,Electronics,13,92
2025-04-03,P008,Tablet,Electronics,28,64
2025-04-04,P008,Tablet,Electronics,37,126
2025-04-05,P008,Tablet,Electronics,36,90
2025-04-06,P008,Tablet,Electronics,6,84
2025-04-07,P008,Tablet,Electronics,25,59
2025-04-08,P008,Tablet,Electronics,39,131
2025-04-09,P008,Tablet,Electronics,7,124
2025-04-10,P008,Tablet,Electronics,12,112
2025-04-11,P008,Tablet,Electronics,5,107
2025-04-12,P008,Tablet,Electronics,27,80
2025-04-13,P008,Tablet,Electronics,17,63
2025-04-14,P008,Tablet,Electronics,49,89
2025-04-15,P008,Tablet,Electronics,7,82
2025-04-16,P008,Tablet,Electronics,41,41
2025-04-17,P008,Tablet,Electronics,20,85
2025-04-18,P008,Tablet,Electronics,18,67
2025-04-19,P008,Tablet,Electronics,21,46
2025-04-20,P008,Tablet,Electronics,7,39
2025-04-21,P008,Tablet,Electronics,21,118
2025-04-22,P008,Tablet,Electronics,37,81
2025-04-23,P008,Tablet,Electronics,43,38
2025-04-24,P008,Tablet,Electronics,10,96
2025-04-25,P008,Tablet,Electronics,5,91
2025-04-26,P008,Tablet,Electronics,31,60
2025-04-27,P008,Tablet,Electronics,31,96
2025-04-28,P008,Tablet,Electronics,39,57
2025-04-29,P008,Tablet,Electronics,23,34
2025-04-30,P008,Tablet,Electronics,30,59
2025-05-01,P008,Tablet,Electronics,37,106
2025-05-02,P008,Tablet,Electronics,11,95
2025-05-03,P008,Tablet,Electronics,44,51
2025-05-04,P008,Tablet,Electronics,28,94
2025-05-05,P008,Tablet,Electronics,24,70
2025-05-06,P008,Tablet,Electronics,19,51
2025-05-07,P008,Tablet,Electronics,13,38
2025-05-08,P008,Tablet,Electronics,44,99
2025-05-09,P008,Tablet,Electronics,18,81
2025-05-10,P008,Tablet,Electronics,42,39
2025-05-11,P008,Tablet,Electronics,44,94
2025-05-12,P008,Tablet,Electronics,42,52
2025-05-13,P008,Tablet,Electronics,18,34
2025-05-14,P008,Tablet,Electronics,40,81
2025-05-15,P008,Tablet,Electronics,49,32
2025-05-16,P008,Tablet,Electronics,30,112
2025-05-17,P008,Tablet,Electronics,14,98
2025-05-18,P008,Tablet,Electronics,37,61
2025-05-19,P008,Tablet,Electronics,22,39
2025-05-20,P008,Tablet,Electronics,6,33
2025-05-21,P008,Tablet,Electronics,44,108
2025-05-22,P008,Tablet,Electronics,24,84
2025-05-23,P008,Tablet,Electronics,36,48
2025-05-24,P008,Tablet,Electronics,30,94
2025-05-25,P008,Tablet,Electronics,40,54
2025-05-26,P008,Tablet,Electronics,27,77
2025-05-27,P008,Tablet,Electronics,17,60
2025-05-28,P008,Tablet,Electronics,22,38
2025-05-29,P008,Tablet,Electronics,43,119
2025-05-30,P008,Tablet,Electronics,32,87
2025-05-31,P008,Tablet,Electronics,19,68
2025-06-01,P008,Tablet,Electronics,35,33
2025-06-02,P008,Tablet,Electronics,27,123
2025-06-03,P008,Tablet,Electronics,26,97
2025-06-04,P008,Tablet,Electronics,44,53
2025-06-05,P008,Tablet,Electronics,7,46
2025-06-06,P008,Tablet,Electronics,19,77
2025-06-07,P008,Tablet,Electronics,9,68
2025-06-08,P008,Tablet,Electronics,11,57
2025-06-09,P008,Tablet,Electronics,47,76
2025-06-10,P008,Tablet,Electronics,25,51
2025-06-11,P008,Tablet,Electronics,35,124
2025-06-12,P008,Tablet,Electronics,27,97
2025-06-13,P008,Tablet,Electronics,48,49
2025-06-14,P008,Tablet,Electronics,13,36
2025-06-15,P008,Tablet,Electronics,44,64
2025-06-16,P008,Tablet,Electronics,20,44
2025-06-17,P008,Tablet,Electronics,9,35
2025-06-18,P008,Tablet,Electronics,33,91
2025-06-19,P008,Tablet,Electronics,17,74
2025-06-20,P008,Tablet,Electronics,15,59
2025-06-21,P008,Tablet,Electronics,17,42
2025-06-22,P008,Tablet,Electronics,48,117
2025-06-23,P008,Tablet,Electronics,8,109
2025-06-24,P008,Tablet,Electronics,44,65
2025-06-25,P008,Tablet,Electronics,31,34
2025-06-26,P008,Tablet,Electronics,33,108
2025-06-27,P008,Tablet,Electronics,44,64
2025-06-28,P008,Tablet,Electronics,24,40
2025-06-29,P008,Tablet,Electronics,43,75
2025-06-30,P008,Tablet,Electronics,30,45
2025-07-01,P008,Tablet,Electronics,31,126
2025-07-02,P008,Tablet,Electronics,34,92
2025-07-03,P008,Tablet,Electronics,23,69
2025-07-04,P008,Tablet,Electronics,22,47
2025-07-05,P008,Tablet,Electronics,31,115
2025-07-06,P008,Tablet,Electronics,10,105
2025-07-07,P008,Tablet,Electronics,25,80
2025-07-08,P008,Tablet,Electronics,39,41
2025-07-09,P008,Tablet,Electronics,43,58
2025-07-10,P008,Tablet,Electronics,35,108
2025-07-11,P008,Tablet,Electronics,47,61
2025-07-12,P008,Tablet,Electronics,42,113
2025-07-13,P008,Tablet,Electronics,35,78
2025-07-14,P008,Tablet,Electronics,30,48
2025-07-15,P008,Tablet,Electronics,6,42
2025-07-16,P008,Tablet,Electronics,37,83
2025-07-17,P008,Tablet,Electronics,32,51
2025-07-18,P008,Tablet,Electronics,35,88
2025-07-19,P008,Tablet,Electronics,44,44
2025-07-20,P008,Tablet,Electronics,26,103
2025-07-21,P008,Tablet,Electronics,10,93
2025-07-22,P008,Tablet,Electronics,8,85
2025-07-23,P008,Tablet,Electronics,22,63
2025-07-24,P008,Tablet,Electronics,42,108
2025-07-25,P008,Tablet,Electronics,11,97
2025-07-26,P008,Tablet,Electronics,25,72
2025-07-27,P008,Tablet,Electronics,22,50
2025-07-28,P008,Tablet,Electronics,22,100
2025-07-29,P008,Tablet,Electronics,22,78
2025-07-30,P008,Tablet,Electronics,43,35
2025-07-31,P008,Tablet,Electronics,14,94
2025-08-01,P008,Tablet,Electronics,31,63
2025-08-02,P008,Tablet,Electronics,16,47
2025-08-03,P008,Tablet,Electronics,13,34
2025-08-04,P008,Tablet,Electronics,45,93
2025-08-05,P008,Tablet,Electronics,25,68
2025-08-06,P008,Tablet,Electronics,11,57
2025-08-07,P008,Tablet,Electronics,34,108
2025-08-08,P008,Tablet,Electronics,29,79
2025-08-09,P008,Tablet,Electronics,22,57
2025-08-10,P008,Tablet,Electronics,42,115
2025-08-11,P008,Tablet,Electronics,12,103
2025-08-12,P008,Tablet,Electronics,45,58
2025-08-13,P008,Tablet,Electronics,20,38
2025-08-14,P008,Tablet,Electronics,36,73
2025-08-15,P008,Tablet,Electronics,40,33
2025-08-16,P008,Tablet,Electronics,26,87
2025-08-17,P008,Tablet,Electronics,34,53
2025-08-18,P008,Tablet,Electronics,19,34
2025-08-19,P008,Tablet,Electronics,11,87
2025-08-20,P008,Tablet,Electronics,40,47
2025-08-21,P008,Tablet,Electronics,22,90
2025-08-22,P008,Tablet,Electronics,42,48
2025-08-23,P008,Tablet,Electronics,12,36
2025-08-24,P008,Tablet,Electronics,8,145
2025-08-25,P008,Tablet,Electronics,33,112
2025-08-26,P008,Tablet,Electronics,46,66
2025-08-27,P008,Tablet,Electronics,43,111
2025-08-28,P008,Tablet,Electronics,45,66
2025-08-29,P008,Tablet,Electronics,49,110
2025-08-30,P008,Tablet,Electronics,39,71
2025-08-31,P008,Tablet,Electronics,37,34
2025-09-01,P008,Tablet,Electronics,10,124
2025-09-02,P008,Tablet,Electronics,27,97
2025-09-03,P008,Tablet,Electronics,33,64
2025-09-04,P008,Tablet,Electronics,9,55
2025-09-05,P008,Tablet,Electronics,6,49
2025-09-06,P008,Tablet,Electronics,7,42
2025-09-07,P008,Tablet,Electronics,5,37
2025-09-08,P008,Tablet,Electronics,31,120
2025-09-09,P008,Tablet,Electronics,42,78
2025-09-10,P008,Tablet,Electronics,37,41
2025-09-11,P008,Tablet,Electronics,16,80
2025-09-12,P008,Tablet,Electronics,25,55
2025-09-13,P008,Tablet,Electronics,30,98
2025-09-14,P008,Tablet,Electronics,8,90
2025-09-15,P008,Tablet,Electronics,20,70
2025-09-16,P008,Tablet,Electronics,16,54
2025-09-17,P008,Tablet,Electronics,17,37
2025-09-18,P008,Tablet,Electronics,6,31
2025-09-19,P008,Tablet,Electronics,25,86
2025-09-20,P008,Tablet,Electronics,45,41
2025-09-21,P008,Tablet,Electronics,27,79
2025-09-22,P008,Tablet,Electronics,23,56
2025-09-23,P008,Tablet,Electronics,18,38
2025-09-24,P008,Tablet,Electronics,22,67
2025-09-25,P008,Tablet,Electronics,49,123
2025-09-26,P008,Tablet,Electronics,18,105
2025-09-27,P008,Tablet,Electronics,30,75
2025-09-28,P008,Tablet,Electronics,14,61
2025-09-29,P008,Tablet,Electronics,34,86
2025-09-30,P008,Tablet,Electronics,41,45
2025-10-01,P008,Tablet,Electronics,27,103
2025-10-02,P008,Tablet,Electronics,45,58
2025-10-03,P008,Tablet,Electronics,20,38
2025-10-04,P008,Tablet,Electronics,15,93
2025-10-05,P008,Tablet,Electronics,22,71
2025-10-06,P008,Tablet,Electronics,38,33
2025-10-07,P008,Tablet,Electronics,40,83
2025-10-08,P008,Tablet,Electronics,16,67
2025-10-09,P008,Tablet,Electronics,23,44
2025-10-10,P008,Tablet,Electronics,30,94
2025-10-11,P008,Tablet,Electronics,36,58
2025-10-12,P008,Tablet,Electronics,9,49
2025-10-13,P008,Tablet,Electronics,7,42
2025-10-14,P008,Tablet,Electronics,49,54
2025-10-15,P008,Tablet,Electronics,22,32
2025-10-16,P008,Tablet,Electronics,38,54
2025-10-17,P008,Tablet,Electronics,32,122
2025-10-18,P008,Tablet,Electronics,43,79
2025-10-19,P008,Tablet,Electronics,28,51
2025-10-20,P008,Tablet,Electronics,12,39
2025-10-21,P008,Tablet,Electronics,42,102
2025-10-22,P008,Tablet,Electronics,40,62
2025-10-23,P008,Tablet,Electronics,46,76
2025-10-24,P008,Tablet,Electronics,27,49
2025-10-25,P008,Tablet,Electronics,40,110
2025-10-26,P008,Tablet,Electronics,5,105
2025-10-27,P008,Tablet,Electronics,40,65
2025-10-28,P008,Tablet,Electronics,13,52
2025-10-29,P008,Tablet,Electronics,10,42
2025-10-30,P008,Tablet,Electronics,43,98
2025-10-31,P008,Tablet,Electronics,6,92
2025-11-01,P008,Tablet,Electronics,28,64
2025-11-02,P008,Tablet,Electronics,18,46
2025-11-03,P008,Tablet,Electronics,18,79
2025-11-04,P008,Tablet,Electronics,42,37
2025-11-05,P008,Tablet,Electronics,24,84
2025-11-06,P008,Tablet,Electronics,22,62
2025-11-07,P008,Tablet,Electronics,6,56
2025-11-08,P008,Tablet,Electronics,47,110
2025-11-09,P008,Tablet,Electronics,44,66
2025-11-10,P008,Tablet,Electronics,28,38
2025-11-11,P008,Tablet,Electronics,13,127
2025-11-12,P008,Tablet,Electronics,35,92
2025-11-13,P008,Tablet,Electronics,17,75
2025-11-14,P008,Tablet,Electronics,39,36
2025-11-15,P008,Tablet,Electronics,34,108
2025-11-16,P008,Tablet,Electronics,26,82
2025-11-17,P008,Tablet,Electronics,8,74
2025-11-18,P008,Tablet,Electronics,36,38
2025-11-19,P008,Tablet,Electronics,9,90
2025-11-20,P008,Tablet,Electronics,5,85
2025-11-21,P008,Tablet,Electronics,46,39
2025-11-22,P008,Tablet,Electronics,26,99
2025-11-23,P008,Tablet,Electronics,46,53
2025-11-24,P008,Tablet,Electronics,35,85
2025-11-25,P008,Tablet,Electronics,10,75
2025-11-26,P008,Tablet,Electronics,20,55
2025-11-27,P008,Tablet,Electronics,21,34
2025-11-28,P008,Tablet,Electronics,18,100
2025-11-29,P008,Tablet,Electronics,16,84
2025-11-30,P008,Tablet,Electronics,7,77
2025-12-01,P008,Tablet,Electronics,40,37
2025-12-02,P008,Tablet,Electronics,21,70
2025-12-03,P008,Tablet,Electronics,15,55
2025-12-04,P008,Tablet,Electronics,44,96
2025-12-05,P008,Tablet,Electronics,23,73
2025-12-06,P008,Tablet,Electronics,44,137
2025-12-07,P008,Tablet,Electronics,23,114
2025-12-08,P008,Tablet,Electronics,20,94
2025-12-09,P008,Tablet,Electronics,46,48
2025-12-10,P008,Tablet,Electronics,45,102
2025-12-11,P008,Tablet,Electronics,33,69
2025-12-12,P008,Tablet,Electronics,30,39
2025-12-13,P008,Tablet,Electronics,42,64
2025-12-14,P008,Tablet,Electronics,24,40
2025-12-15,P008,Tablet,Electronics,29,122
2025-12-16,P008,Tablet,Electronics,17,105
2025-12-17,P008,Tablet,Electronics,27,78
2025-12-18,P008,Tablet,Electronics,13,65
2025-12-19,P008,Tablet,Electronics,25,40
2025-12-20,P008,Tablet,Electronics,45,69
2025-12-21,P008,Tablet,Electronics,23,46
2025-12-22,P008,Tablet,Electronics,22,127
2025-12-23,P008,Tablet,Electronics,23,104
2025-12-24,P008,Tablet,Electronics,28,76
2025-12-25,P008,Tablet,Electronics,30,46
2025-12-26,P008,Tablet,Electronics,32,90
2025-12-27,P008,Tablet,Electronics,40,50
2025-12-28,P008,Tablet,Electronics,26,104
2025-12-29,P008,Tablet,Electronics,29,75
2025-12-30,P008,Tablet,Electronics,5,70
2025-12-31,P008,Tablet,Electronics,9,61
